ID,Name,Glottocode,Glottolog_Name,ISO639P3code,Macroarea,Latitude,Longitude,Family,ISOname,Group,Location,Alias,Source,is_proto,Dialect_Of
19579,Abai Sembuak,abai1241,Abai Tubu-Abai Sembuak,,,3.524226,116.162455,,,WMP,,,lobel2016,false,
19190,Abaknon,inab1237,Inabaknon,abx,,12.4264,124.166,,Inabaknon,WMP,Philippines,[aka: Inabaknon],jacobson1999,false,
429,Aborlan Tagbanwa,tagb1258,Tagbanwa,tbw,,9.54263,118.497,,Tagbanwa,WMP,Philippines,,reid1971,false,
225,Acehnese,achi1257,Acehnese,ace,,3.90757,96.6032,,Aceh,WMP,Indonesia (Sumatra),[aka: Achinese],kreemer1931,false,
464,Adonara,adon1237,Adonara,adr,,-8.32027,123.159,,,CMP,Indonesia (Nusa Tenggara),,lebar1972,false,
19735,Adzera,adze1240,Adzera,adz,,-6.39394,146.294,,,OC,,[aka: Azera],hooley1971,false,
465,Agta (Central Cagayan),cent2084,Central Cagayan Agta,agt,,17.9571,121.857,,"Agta, Central Cagayan",WMP,Philippines,[aka: Central Cagayan Agta],reid1971,false,
19194,Agta (Dupaningan),dupa1235,Dupaninan Agta,duo,,17.3748,122.188,,"Agta, Dupaninan",WMP,Philippines,,robinson2011,false,Agta
19181,Agta (Eastern),dupa1235,Dupaninan Agta,duo,,17.3748,122.188,,"Agta, Dupaninan",WMP,Philippines,,nickellandnickell1987,false,Agta
19189,Agutaynen,agut1237,Agutaynen,agn,,10.5328,119.655,,,WMP,Philippines,,caabayetal2014,false,
466,Ahus,andr1248,Andra-Hus,anx,,-2.05894,147.085,,Andra-Hus,OC,Papua New Guinea,,blust1975,false,
226,Aklanon,akla1240,Aklanon,akl,,11.55432,122.35413,,Inakeanon,WMP,Philippines,,zorc1969,false,
468,Alas,bata1292,Batak Alas-Kluet,btz,,3.4293,97.8123,,Batak Alas-Kluet,WMP,Indonesia (Sumatra),,akbarahmaddinandmardjo1985,false,
469,Ali,kapp1237,Kap,ykm,,-3.28761,142.659,,,OC,,,,false,
471,Alune,alun1238,Alune,alp,,-3.11477,128.394,,,CMP,Indonesia (Maluku),[aka: Murnaten],niggemeyer195152,false,
19529,Amara,amar1272,Amara,aie,,-5.55778,148.68,,,OC,,,thurston1987,false,
472,Ambai,amba1265,Ambai,amk,,-1.88126,136.526,,,SHWNG,Indonesia (Papua),,anceaux1961,false,
473,Amblau,ambe1248,Ambelau,amv,,-3.85919,127.196,,Ambelau,CMP,Indonesia (Maluku),,stresemann1927;vandermiesen1911,false,
19462,Amblong,ambl1237,Amblong,alm,,-15.5169,166.95,,,OC,,,tryon1976,false,
227,Amis,amis1246,Amis,ami,,23.0917,121.348,,,Form.,Taiwan,,fey1986,false,
19172,Amis (Central),cent2104,,ami,,,,,Amis,Form.,Taiwan,,blust2002,false,Amis
19260,Amis (Kiwit),amis1246,Amis,ami,,23.0917,121.348,,,Form.,,,ogawa1933;ferrell1979,false,Amis
19547,Amis (Utrecht ms.),amis1246,Amis,ami,,23.0917,121.348,,,Form.,,,,false,Amis
475,Ampana,pamo1252,Pamona,pmf,,-1.62663,121.268,,,WMP,,,adriani1928,false,
19273,Ampibabo-Lauje,lauj1238,Lauje,law,,0.50708,120.262,,Lauje,WMP,Indonesia (Sulawesi),,himmelmann2001,false,
19483,Anakalangu,anak1240,Anakalangu,akg,,-9.63425,119.605,,,CMP,,[aka: Anakalang],foxnd,false,
19696,Andra,andr1248,Andra-Hus,anx,,-2.05894,147.085,,,OC,,,,false,
19378,Anejom,anei1239,Aneityum,aty,,-20.1864,169.825,,,OC,,,lynch2001a,false,
477,Angkola-Mandailing Batak,bata1290,Batak Angkola,akb,,1.66127,99.60248,,Batak Angkola,WMP,Indonesia (Sumatra),"[aka: Batak, Angkola-Mandailing]",siregar1977;warren1959,false,
478,Ansus,ansu1237,Ansus,and,,-1.7543,135.866,,,SHWNG,Indonesia (Papua),,anceaux1961,false,
229,Anuta,anut1237,Anuta,aud,,-11.61,169.85,,,OC,Solomon Islands,,feinberg1977,false,
480,Aore,aore1237,Aore,aor,,-15.5753,167.166,,,OC,Vanuatu,,tryon1976,false,
19230,Apma,apma1240,Apma,app,,-15.8559,168.189,,,OC,Vanuatu,,tryon1976,false,
481,Araki,arak1252,Araki,akr,,-15.632997,166.952542,,,OC,Vanuatu,,francois2002,false,
18004,'Āre'āre,area1240,'Are'are,alu,,-9.20699,161.158,,’Are’are,OC,Solomon Islands,,geerts1970,false,
483,Arguni,argu1237,Arguni,agf,,-2.645798,132.5556,,,SHWNG,Indonesia (Papua),,gracend,false,
19491,Arop,arop1244,,,,,,,,OC,,"[aka: Arop-Lokep, Arop-Lukep]",,false,
485,Arosi,aros1241,Arosi,aia,,-10.2441,161.432,,,OC,Solomon Islands,,fox1970,false,
486,Arosi (Eastern),aros1241,Arosi,aia,,-10.2441,161.432,,,OC,,,,false,Arosi
487,Arosi (Southern),aros1241,Arosi,aia,,-10.2441,161.432,,,OC,,,,false,Arosi
488,Arosi (Western),aros1241,Arosi,aia,,-10.2441,161.432,,,OC,,,,false,Arosi
489,Arta,arta1239,Arta,atz,,16.4185,121.656,,,WMP,Philippines,,,false,
490,As,asss1237,As,asz,,-0.75267,131.728,,,SHWNG,Indonesia (Papua),,gracend,false,
18016,Asilulu,asil1242,Asilulu,asl,,-3.67302,127.952,,,CMP,Indonesia (Maluku),,collinsnd,false,
493,Atayal,atay1247,Atayal,tay,,24.5209,121.388,,,Form.,Taiwan,,egerod1980,false,
494,Atayal (Cʔuliʔ),atay1247,Atayal,tay,,24.5209,121.388,,,Form.,,,,false,Atayal
496,Atayal (Mayrinax),mayr1237,,,,,,,,Form.,,,,false,Atayal
19596,Atayal (Palŋawan),atay1247,Atayal,tay,,24.5209,121.388,,,Form.,,,,false,Atayal
497,Atayal (Squliq),sqol1237,,,,,,,,Form.,,,,false,Atayal
498,Atchin,urip1239,Uripiv-Wala-Rano-Atchin,upv,,-16.00951,167.34643,,Uripiv-Wala-Rano-Atchin,OC,Vanuatu,,tryon1976,false,
231,Atoni,uabm1237,Uab Meto,aoz,,-9.77284,124.144,,Uab Meto,CMP,Indonesia (Nusa Tenggara),,blust1975b,false,
19637,Atta (Pamplona),pamp1244,Pamplona Atta,att,,18.4738,121.3,,"Atta, Pamplona",WMP,Philippines,"[aka: Atta, Pamplona]",reid1971,false,
234,Aua,wuvu1239,Wuvulu-Aua,wuv,,-1.73938,142.851,,Wuvulu-Aua,OC,Papua New Guinea,,blust1975,false,
19665,Avava,katb1237,Avava,tmb,,-16.2701,167.484,,,OC,,,,false,
19229,Axamb,axam1237,Axamb,ahb,,-16.4838,167.707,,,OC,,,tryon1976,false,
19698,Ayta Abellan,aben1249,Abenlen Ayta,abp,,15.4131,120.2,,,WMP,,,,false,
19394,Ayta Maganchi,maga1263,Mag-Anchi Ayta,sgb,,15.1954,120.459,,,WMP,,[aka: Ayta Mag-antsi],,false,
18939,Ba'amang,ngaj1237,Ngaju,nij,,-1.58463,112.794,,Ngaju,WMP,Indonesia (Kalimantan),,hudson1967,false,
503,Babatana,baba1268,Babatana,baa,,-7.22281,157.149,,,OC,Solomon Islands,,tryonandhackman1983,false,
19447,Babatana (Avasö),avas1237,,,,,,,,OC,,,,false,Babatana
506,Bada,bada1261,Bada (Indonesia),bhz,,-1.80249,120.319,,,WMP,Indonesia (Sulawesi),,,false,
19381,Baetora,baet1237,Baetora,btr,,-15.2574,168.159,,,OC,,"[aka: Nasawa, Navenevene]",tryon1976,false,
507,Bagobo,obom1235,Obo Manobo,obo,,7.29141,125.09,,"Manobo, Obo",WMP,Philippines,,,false,
240,Bahasa Indonesia,indo1316,Standard Indonesian,ind,,-7.33458,109.716,,Indonesian,WMP,Indonesia (Java and Bali),,poerwadarminta1976,false,
19201,Balaesang,bala1314,Balaesang,bls,,-0.05644,119.689,,,WMP,Indonesia (Sulawesi),,himmelmann2001,false,
509,Balangaw,bala1310,Balangao,blw,,17.0994,121.272,,Balangao,WMP,Philippines,[aka: Balangao],reid1971,false,
510,Balantak,bala1315,Balantak,blz,,-0.86809,123.289,,,WMP,Indonesia (Sulawesi),,vandenbergandbusenitz2012,false,
511,Bali (Uneapa),unea1237,Uneapa,bbn,,-4.89383,149.141,,Uneapa,OC,Papua New Guinea,[aka: Uneapa Bali],,false,
235,Balinese,bali1278,Balinese,ban,,-8.35714,115.075,,Bali,WMP,Indonesia (Java and Bali),,barber1979,false,
18968,Balinese (High),high1274,,,,,,,,WMP,,,,false,Balinese
514,Balinese (Low),lowl1258,,,,,,,,WMP,,,,false,Balinese
19193,Baluan,balu1257,Paluai,blq,,-2.5604,147.282,,Baluan-Pam,OC,Papua New Guinea,,blust1975,false,
238,Banggai,bang1368,Banggai,bgz,,-1.58305,123.171,,,WMP,Indonesia (Sulawesi),,bergh1953,false,
243,Banjarese,banj1239,Banjar,bjn,,0.747105,115.79,,Banjar,WMP,Indonesia (Kalimantan),,hapip1977,false,
519,Banoni,bann1247,Bannoni,bcm,,-6.23061,155.128,,Bannoni,OC,Papua New Guinea,,,false,
520,Bantik,bant1286,Bantik,bnq,,1.44586,124.846,,,WMP,Indonesia (Sulawesi),,sneddon1984,false,
19554,Bantuqanon,bant1288,Bantoanon,bno,,12.5194,122.034,,,WMP,,[aka: Bantoqanon],zorc1977,false,
236,Bare'e,pamo1252,Pamona,pmf,,-1.62663,121.268,,Pamona,WMP,Indonesia (Sulawesi),,adriani1928,false,
522,Bare'e (Lalau),pamo1252,Pamona,pmf,,-1.62663,121.268,,,WMP,,,,false,Bare'e
18942,Bare'e (Luwu),pamo1252,Pamona,pmf,,-1.62663,121.268,,,WMP,,,,false,Bare'e
19471,Bariai,bari1286,Bariai,bch,,-5.5087,148.666,,,OC,,,,false,
19171,Basai,basa1287,Basay,byq,,25.0046,121.857,,Basay,Form.,Taiwan,"[aka: Basay, Ketagalan]",tsuchida1991,false,
19681,Basap,basa1286,Basap,bdb,,1.41405,117.942,,,WMP,,,,false,
525,Batu Merah,luhu1243,Luhu-Piru,lcq,,-3.13187,127.966,,Luhu,CMP,Indonesia (Maluku),,wallace1962,false,
237,Bauro,baur1252,Bauro,bxa,,-10.5826,161.863,,Bauro ,OC,Solomon Islands,,fox1970,false,
19677,Bebeli,bebe1252,Bebeli,bek,,-5.63282,150.323,,,OC,,,,false,
19371,Bekatan,buki1248,Bukitan,bkn,,2.34947,114.895,,,WMP,,[aka: Bakatan],freemannda,false,
527,Belait,bela1260,Lemeting,beg,,4.96207,114.933,,,WMP,Brunei,,,false,
524,Berawan (Batu Belah),cent2098,Central Berawan,zbc,,3.97194,114.565,,"Berawan, Central",WMP,Malaysia (Sarawak),,,false,Berawan
758,Berawan (Long Jegan),east2486,East Berawan,zbe,,3.96098,114.606,,Berawan,WMP,Malaysia (Sarawak),,,false,Berawan
19191,Berawan (Long Terawan),west2564,West Berawan,zbw,,3.9815,114.528,,Berawan,WMP,Malaysia (Sarawak),,blust1971,false,Berawan
19364,Berawan (Long Teru),cent2098,Central Berawan,zbc,,3.97194,114.565,,,WMP,,,blust1971,false,Berawan
528,Beta,biat1246,Biatah Bidayuh,bth,,1.17596,110.254,,"Dayak, Land",WMP,Indonesia (Kalimantan),,,false,
18961,Bidayuh (Bukar-Sadong),buka1257,Bukar-Sadung Bidayuh,sdo,,0.96817,110.657,,"Bidayuh, Bukar-Sadong",WMP,Malaysia (Sarawak),"[aka: Bidayuh, Sadong]",nais1988,false,
531,Biga,biga1238,Biga,bhc,,-1.99574,130.272,,,SHWNG,Indonesia (Papua),,gracend,false,
244,Bikol,biko1240,,bik,,,,,,WMP,Philippines,,mintzanddelrosariobritanico1985,false,
19568,Bikol (Camarines Sur),biko1240,,,,,,,,WMP,,,,false,Bikol
19504,Bikol (East Miraya),biko1240,,,,,,,,WMP,,,,false,Bikol
19567,Bikol (Miraya dialects),biko1240,,,,,,,,WMP,,,,false,Bikol
19755,Bikol (Naga),cent2087,Coastal-Naga Bikol,bcl,,13.7574,123.403,,,WMP,,,,false,Bikol
535,Bilaan (Sarangani),sara1326,Sarangani Blaan,bps,,6.03691,125.354,,"Blaan, Sarangani",WMP,Philippines,,reid1971,false,Bilaan
19745,Bileki,bile1245,,,,,,,,OC,,,,false,
19753,Biliau,bili1252,,,,,,,,OC,,,,false,
536,Bilibil,bilb1241,Bilibil,brz,,-5.26505,145.764,,Bilbil,OC,Papua New Guinea,,,false,
19741,Bilur,bilu1244,Bilur,bxf,,-4.39732,152.334,,,OC,,,,false,
241,Bimanese,bima1247,Bima,bhp,,-8.57376,118.445,,Bima,CMP,Indonesia (Nusa Tenggara),,sahidu1978;ismailetal1985,false,
242,Bintulu,bint1246,Bintulu,bny,,3.867,113.634,,Bintulu ,WMP,Malaysia (Sarawak),,blust1971,false,
19012,Binukid,binu1244,Talaandig-Binukid,bkd,,8.15933,124.892,,,WMP,Philippines,,postandgardner1992,false,
540,Bipi,bipi1237,Bipi,biq,,-2.11115,146.398,,,OC,Papua New Guinea,,blust1975,false,
18952,Bisaya,brun1245,Brunei Bisaya-Dusun,bsb,,4.60791,114.517,,"Bisaya, Brunei",WMP,Brunei,"[aka: Bisaya Bukid, Bisaya Bukit]",blust1971,false,
542,Bisaya (Limbang),brun1245,Brunei Bisaya-Dusun,bsb,,4.60791,114.517,,"Bisaya, Brunei",WMP,Brunei,,blust1971,false,Bisaya
19540,Bisaya (Lotud),lotu1250,Lotud,dtr,,6.13732,116.232,,,WMP,,,lobel2016,false,Bisaya
19560,Bisaya (Sabah),saba1267,Sabah Bisaya,bsy,,5.30433,115.512,,,WMP,,,,false,Bisaya
19301,Bisayan (Panay),akla1240,Aklanon,akl,,11.55432,122.35413,,Inakeanon,WMP,Philippines,[aka: Panay Bisayan],,false,
19718,Blaan,koro1310,Koronadal Blaan,bpr,,6.20529,125.007,,,WMP,,[aka: Bilaan],reid1971,false,
19011,Blaan (Koronadal),koro1310,Koronadal Blaan,bpr,,6.20529,125.007,,"Blaan, Koronadal",WMP,Philippines,,reid1971,false,Blaan
19452,Blablanga,blab1237,Blablanga,blp,,-8.15058,159.419,,,OC,,,,false,
19727,Boanaki,ghay1237,Ghayavi,bmk,,-10.011,149.84,,,OC,,,,false,
544,Boano,boan1242,Boano (Maluku),bzn,,-2.95535,127.953,,,WMP,Indonesia (Maluku),,himmelmann2001,false,
19757,Boano₂,boan1242,Boano (Maluku),bzn,,-2.95535,127.953,,,CMP,,,collins1983,false,
19297,Bobot,bobo1254,Bobot,bty,,-3.43514,130.179,,,CMP,Indonesia (Maluku),,,false,
19669,Bola,bola1250,Bola,bnp,,-5.55792,150.095,,,OC,,,,false,
19358,Bolango,bola1252,Bolango,bld,,0.39044,123.888,,,WMP,,,usup1981,false,
548,Bonerate,bone1254,Bonerate,bna,,-7.37657,121.792,,,WMP,Indonesia (Sulawesi),,,false,
19013,Bonfia,masi1266,Masiwang,bnf,,-3.29547,130.601,,Masiwang,CMP,Indonesia (Maluku),,,false,
19382,Bonga,nama1268,Namakura,nmk,,-16.8979,168.569,,,OC,,,tryon1976,false,
550,Bonggi,bong1289,Bonggi,bdg,,7.29249,117.174,,,WMP,Malaysia (Sabah),[aka: Banggi],lobel2016,false,
552,Bonkovia,bier1244,Bierebo,bnk,,-16.6663,168.154,,Bierebo,OC,Vanuatu,,tryon1976,false,
246,Bontok,bont1247,Bontok,bnc,,17.09386,121.02662,,"Bontoc, Central",WMP,Philippines,,reid1976,false,
19620,Buang,mapo1242,Mapos Buang,bzh,,-6.86672,146.774,,,OC,,,,false,
239,Buginese,bugi1244,Buginese,bug,,-4.47,119.977,,Bugis,WMP,Indonesia (Sulawesi),,said1977,false,
19617,Buginese (dial.),bugi1244,Buginese,bug,,-4.47,119.977,,,WMP,,,,false,
555,Buginese (Soppeng),bugi1244,Buginese,bug,,-4.47,119.977,,Bugis,WMP,Indonesia (Sulawesi),"[aka: Soppeng Bugis, Bugis Soppeng]",,false,
248,Bugotu,bugh1239,Bughotu,bgt,,-8.47948,159.802,,Bughotu,OC,Solomon Islands,,ivens1940,false,
19756,Buhid,buhi1245,Buhid,bku,,12.6396,121.21,,,WMP,,,,false,
557,Bukat,buka1261,Bukat,bvk,,1.29075,113.246,,,WMP,Indonesia (Kalimantan),,rousseau1971,false,
249,Buli,buli1255,Buli (Indonesia),bzq,,1.0008,128.443,,Buli ,SHWNG,Indonesia (Maluku),,maan1940,false,
19652,Bulu,bulu1253,Bulu (Papua New Guinea),bjl,,-5.06134,150.101,,,OC,,,osmondandross1998,false,
559,Buludupi,idaa1241,Ida'an,dbj,,5.29059,118.515,,Ida’an,WMP,Malaysia (Sabah),[aka: Bulud Upi],,false,
19467,Bulungan,bolo1268,Bolongan,blj,,2.75927,117.293,,Bolongan,WMP,Indonesia (Kalimantan),[aka: Bolongan],lobel2016,false,
19465,Bulusu,buru1304,Burusu,bqr,,3.36912,117.012,,,WMP,,,lobel2016,false,
560,Buma,tean1237,Teanu,tkw,,-11.6752,166.868,,Teanu,OC,Solomon Islands,[aka: Teanu],tryonandhackman1983,false,
19501,Bunama,buna1276,Bunama,bdd,,-10.0761,151.066,,,OC,,,lithgow2007,false,
19353,Bungku,bung1269,Bungku,bkz,,-3.22197,122.212,,,WMP,,,mead1998,false,
250,Bunun,bunu1267,Bunun,bnn,,23.4116,121.025,,,Form.,Taiwan,,jeng1971,false,
19165,Bunun (Isbukun),bunu1267,Bunun,bnn,,23.4116,121.025,,,Form.,,,,false,Bunun
563,Bunun (Northern),nort2902,,,,,,,,Form.,,,,false,Bunun
19198,Bunun (Takbanuad),bunu1267,Bunun,bnn,,23.4116,121.025,,,Form.,,,,false,Bunun
18974,Bunun (Takituduh),taki1253,,,,,,,,Form.,,,,false,Bunun
19556,Buol,buol1237,Buol,blf,,0.97727,121.519,,,WMP,,,,false,
19475,Burmbar,burm1263,Burmbar,vrt,,-16.41653,167.73124,,,OC,,,,false,
251,Buruese,buru1303,Buru (Indonesia),mhs,,-3.43957,126.632,,,CMP,,[aka: Buru],devin1989,false,
19016,Bwaidoga/Bwaidoka,bwai1242,Bwaidoka,bwd,,-9.51158,150.297,,Bwaidoka,OC,Papua New Guinea,,jennessandballantyne1928,false,
19749,Caaàc,caac1237,Caac,msq,,-20.4114,164.578,,,OC,,,,false,
568,Canala,xara1244,Xârâcùù,ane,,-21.7034,165.996,,Xârâcùù,OC,New Caledonia,,grace1975,false,
19410,Cape Cumberland,nort3217,,,,,,,,OC,,"[aka: Tasmate, Hukua, Tasiriki, Valpei, Piamatsina]",tryon1976,false,
19270,Carolinian,caro1242,Carolinian,cal,,15.205,145.765,,,OC,Northern Mariana Islands,,jacksonandmarck1991,false,
569,Casiguran Dumagat,casi1235,Casiguran-Nagtipunan Agta,dgc,,16.2176,121.878,,"Agta, Casiguran Dumagat",WMP,Philippines,,headlandandheadland1974,false,
252,Cebuano,cebu1242,Cebuano,ceb,,8.38799,124.367,,,WMP,Philippines,,wolff1972,false,
571,Cebuano (dialectal),cebu1242,Cebuano,ceb,,8.38799,124.367,,,WMP,,,,false,Cebuano
19388,Cebuano (SE Bohol),boho1237,,,,,,,,WMP,,,,false,Cebuano
19536,Cèmuhî,cemu1238,Cemuhî,cam,,-20.8489,165.13,,,OC,,,,false,
19700,Central Dusun,cent2100,Kadazan Dusun,dtp,,6.02998,116.681,,,WMP,,,,false,
376,Central Maewo,cent2058,Central Maewo,mwo,,-15.0784,168.135,,"Maewo, Central",OC,anuatu,"[aka: Peterara, Sun̄wadaga]",tryon1976,false,
19391,Central Palawan,cent2091,Central Palawano,plc,,8.77013,117.838,,,WMP,,,,false,
19414,Central Santo,tial1241,,,,,,,,OC,,"[aka: Matae, Navut]",,false,
19173,Central Tagbanwa,cent2090,Central Tagbanwa,tgt,,10.6519,119.338,,"Tagbanwa, Central",WMP,Philippines,,scebold2003,false,
572,Cham,west2650,Western Cham,cja,,12.4771,104.026,,"Cham, Western",WMP,Cambodia,,,false,
19438,Cham (Eastern),east2563,Eastern Cham,cjm,,11.2853,108.49,,,WMP,,,,false,Cham
573,Chamorro,cham1312,Chamorro,cha,,13.438011,144.74474,,,WMP,Guam,,toppingogoanddungca1975,false,
254,Cheke Holo,chek1238,Cheke Holo,mrn,,-8.27055,159.625,,,OC,Solomon Islands,"[aka: Kmagha, Maringe]",whitekokhonigitaandpulomana1985,false,
1086,Chuukese,chuu1238,Chuukese,chk,,7.346993,151.598607,,,OC,Micronesia,[aka: Trukese],goodenoughandsugita1980,false,
18147,Dairi-Pakpak Batak,bata1294,Batak Dairi,btd,,2.51438,98.2427,,Batak Dairi,WMP,Indonesia (Sumatra),,manik1977,false,
578,Dali',naro1251,Narom,nrm,,4.42115,114.011,,,WMP,,,,false,
18954,Dampelas,damp1237,Dampelas,dms,,0.70234,120.219,,,WMP,Indonesia (Sulawesi),,,false,
19694,Dawawa,dawa1242,Dawawa,dww,,-10.1692,149.999,,,OC,,,,false,
19402,Dehu,dehu1237,Dehu,dhv,,-20.8892,167.229,,,OC,,,,false,
580,Delang,mala1480,Malayic Dayak,xdy,,-2.78384,111.136,,Malayic Dayak,WMP,Indonesia (Kalimantan),,,false,
19349,Dhao/Ndao,dhao1237,Dhao,nfa,,-10.8098,122.658,,,CMP,,"[aka: Ndao, Ndau]",foxnd,false,
581,Dobel,dobe1238,Dobel,kvo,,-6.32531,134.638,,,CMP,Indonesia (Maluku),,hughesnd,false,
258,Dobuan,dobu1241,Dobu,dob,,-9.63239,150.825,,Dobu,OC,Papua New Guinea,,bromilow1904,false,
583,Dohoi,otda1235,Ot Danum,otd,,-0.3955,113.469,,Ot Danum,WMP,Indonesia (Kalimantan),,,false,
584,Dondo,dond1249,Dondo,dok,,0.80348,120.707,,,WMP,Indonesia (Sulawesi),,,false,
585,Donggo,bima1247,Bima,bhp,,-8.57376,118.445,,,CMP,,,,false,
586,Drehet,kheh1237,Khehek,tlx,,-2.06626,146.746,,Khehek,OC,Papua New Guinea,[aka: Ndrehet],,false,
587,Dubea,dumb1241,Dumbea,duf,,-22.0947,166.531,,Dumbea,OC,New Caledonia,,,false,
588,Duke of York,ramo1244,Ramoaaina,rai,,-4.17306,152.451,,Ramoaaina,OC,Papua New Guinea,"[aka: Raluana (Duke of York), Ramoaaina]",lanyonorgill1962,false,
933,Dumagat (Polillo),umir1236,Umiray Dumaget Agta,due,,14.8757,121.508,,,WMP,,,,false,
19573,Dumpas,dump1242,Dumpas,dmv,,5.93483,117.419,,,WMP,,,lobel2016,false,
19443,Duri,duri1242,Duri,mvp,,-3.37081,119.871,,,WMP,,,,false,
589,Dusner,dusn1237,Dusner,dsn,,-2.73859,134.391,,,SHWNG,Indonesia (Papua),,anceaux1961,false,
590,Dusun Deyah,dusu1271,Dusun Deyah,dun,,-1.95514,115.578,,,WMP,Indonesia (Kalimantan),[aka: Dusun Dejah],,false,
591,Dusun Malang,dusu1269,Dusun Malang,duq,,-0.85277,115.392,,,WMP,Indonesia (Kalimantan),,,false,
19254,Dusun Witu,dusu1267,Dusun Witu,duw,,-1.57408,114.979,,,WMP,Indonesia (Kalimantan),,,false,
19242,East Damar,east2472,East Damar,dmr,,-7.16991,128.636,,"Damar, East",CMP,Indonesia (Maluku),[aka: Damar],,false,
19662,East Uvean,wall1257,East Uvean,wls,,-13.2903,-176.207,,,OC,,,,false,
19205,Eastern Kadazan,labu1249,Labuk-Kinabatangan Kadazan,dtb,,5.51924,117.507,,"Kadazan, Labuk-Kinabatangan",WMP,Malaysia (Sabah),,,false,
261,Eddystone/Mandegusu,simb1256,Simbo,sbb,,-8.26947,156.541,,Simbo,OC,Solomon Islands,[aka: Eddystone],lanyonorgill1969,false,
593,Elat,band1355,Banda (Indonesia),bnd,,-5.42138,133.142,,Banda,CMP,Indonesia (Maluku),,,false,
594,Emira,muss1246,Mussau-Emira,emi,,-1.44105,149.624,,Mussau-Emira,OC,Papua New Guinea,,,false,
595,Ende,ende1246,Ende,end,,-8.70998,121.555,,,CMP,Indonesia (Nusa Tenggara),,,false,
596,Enggano,engg1245,Enggano,eno,,-5.38846,102.245,,,WMP,Indonesia (Sumatra),,,false,
263,Erai,iliu1237,Ili'uun,ilu,,-7.84385,125.902,,Eritai,CMP,Indonesia (Papua),,josselindejong1947,false,
598,Ere,eree1241,Ere,twp,,-2.15569,147.083,,,OC,Papua New Guinea,,,false,
19633,Fagani,faga1239,Fagani,faf,,-10.4479,161.662,,,OC,,[aka: Faghani],,false,
19450,Faulili,paam1238,Paama,pma,,-16.47548,168.23693,,,OC,,,,false,
19018,Favorlang/Babuza,favo1235,,bzq,,,,,Babuza,Form.,Taiwan,"[aka: Favorlang, Babuza]",,false,
266,Fijian,fiji1243,Fijian,fij,,-18.0,178.33,,,OC,Fiji,,capell1968,false,
19689,Fijian (Boumaa),fiji1243,Fijian,fij,,-18.0,178.33,,,OC,,,,false,Fijian
605,Fijian (dialectal),fiji1243,Fijian,fij,,-18.0,178.33,,,OC,,,,false,Fijian
603,Fijian (Eastern),fiji1243,Fijian,fij,,-18.0,178.33,,Fijian,OC,Fiji,,,false,Fijian
19600,Fijian (Lomaiviti),loma1261,Lomaiviti,lmv,,-18.0001,179.306,,,OC,,,,false,Fijian
19244,Fijian (Naitāsiri),namo1248,Namosi-Naitasiri-Serua,bwb,,-18.5308,177.637,,,OC,,,,false,Fijian
19243,Fijian (Namosi),namo1248,Namosi-Naitasiri-Serua,bwb,,-18.5308,177.637,,,OC,,,,false,Fijian
19664,Fijian (Rakiraki),fiji1243,Fijian,fij,,-18.0,178.33,,,OC,,,,false,Fijian
19245,Fijian (Waidina),sout2864,,,,,,,,OC,,,,false,Fijian
19405,Filakara,mate1259,,,,,,,,OC,,,,false,
18184,Fordata,ford1242,Fordata,frd,,-7.28902,131.511,,,CMP,Indonesia (Maluku),,drabbe1932,false,
19344,Fortsenal,fort1240,Kiai,frt,,-15.4484,166.931,,,OC,,,,false,
19281,Futuna-Aniwa,futu1245,Futuna-Aniwa,fut,,-19.5303,170.215,,,OC,Vanuatu,[aka: Aniwa],,false,
607,Futunan,east2447,East Futuna,fud,,-14.278717,-178.137222,,,OC,,[aka: East Futunan],,false,
19767,Gaai,sega1243,Segai,sge,,1.97695,116.954,,,WMP,,,smith2019a,false,
286,Gabadi,abad1241,Abadi,kbt,,-9.03389,146.992,,Abadi,OC,Papua New Guinea,,capell1943,false,
19720,Gad'ang,gada1258,Ga'dang,gdg,,17.2238,121.455,,,WMP,,,,false,
268,Gaddang,gadd1244,Gaddang,gad,,16.5468,121.177,,,WMP,Philippines,,reid1971,false,
19231,Gah,alek1238,Alekano,gah,,-6.03901,145.387,,Alekano,CMP,Papua New Guinea,,wallace1962,false,
19319,Galoli,galo1243,Galoli-Talur,gal,,-8.61074,125.959,,,CMP,East Timor,,,false,
845,Gana,gana1277,Gana,gnq,,5.57583,116.145,,,WMP,Malaysia (Sabah),[aka: Minansut],,false,
609,Gapapaiwa,gapa1238,Gapapaiwa,pwg,,-9.73317,149.854,,,OC,Papua New Guinea,,,false,
610,Gayō,gayo1244,Gayo,gay,,4.3733,97.3456,,Gayo,WMP,Indonesia (Sumatra),,,false,
269,Gedaged,geda1237,Gedaged,gdd,,-5.18175,145.781,,,OC,Papua New Guinea,,mager1952,false,
612,Geser,gese1240,Geser-Gorom,ges,,-3.8016,130.701,,Geser-Gorom,CMP,Indonesia (Maluku),,wallace1962,false,
19736,Ghanongga,ghan1242,Ghanongga,ghn,,-8.02035,156.552,,,OC,,,,false,
613,Ghari,ghar1239,Ghari,gri,,-9.4791,159.917,,,OC,Solomon Islands,[aka: Tandai],tryonandhackman1983,false,
19379,Ghove,blab1237,Blablanga,blp,,-8.15058,159.419,,,OC,,,,false,
614,Gilbertese,gilb1244,Gilbertese,gil,,0.179,173.64,,Kiribati,OC,Kiribati,[aka: Kiribati],sabatier1971,false,
615,Gimán,gane1237,Gane,gzn,,-0.42618,127.976,,Gane,SHWNG,Indonesia (Maluku),[aka: Gani],wallace1962,false,
270,Gitua,gitu1237,Gitua,ggt,,-6.0151,147.485,,,OC,Papua New Guinea,,lincoln1977,false,
617,Gondang,sasa1249,Sasak,sas,,-8.58349,116.284,,,WMP,,,,false,
272,Gorontalo,goro1259,Gorontalo,gor,,0.62689,122.288,,,WMP,Indonesia (Sulawesi),,pateda1977,false,
19663,Gumawana,guma1254,Gumawana,gvs,,-9.28497,150.762,,,OC,,,,false,
19737,Hahon,haho1237,Hahon,hah,,-5.59031,154.801,,,OC,,,,false,
19711,Haku,hako1237,Hakö,hao,,-5.06832,154.594,,,OC,,,,false,
19250,Halia,hali1244,Halia,hla,,-5.26603,154.662,,,OC,Papua New Guinea,,,false,
273,Hanunóo,hanu1241,Hanunoo,hnn,,12.4159,121.221,,Hanunoo,WMP,Philippines,,conklin1953,false,
19734,Haununu,haun1237,,,,,,,,OC,,,,false,
620,Hawaiian,hawa1245,Hawaiian,haw,,19.6297,-155.43,,,OC,United States,,pukuiandelbert1971,false,
405,Hawu,sabu1255,Hawu,hvn,,-10.5522,121.847,,Sabu,CMP,Indonesia (Nusa Tenggara),"[aka: Savu, Havu]",wijngaarden1896;foxnd;walker1982,false,
621,Helong,helo1243,Helong,heg,,-10.2647,123.377,,,CMP,Indonesia (Nusa Tenggara),,,false,
623,Hiligaynon,hili1240,Hiligaynon,hil,,10.4018,122.974,,,WMP,Philippines,,motus1971,false,
624,Hitu,hitu1239,Hitu,htu,,-3.57478,128.186,,,CMP,Indonesia (Maluku),,,false,
625,Hiw,hiww1237,Hiw,hiw,,-13.126367,166.584857,,,OC,Vanuatu,,,false,
626,Hoanya,papo1239,Papora-Hoanya,ppu,,24.324,120.577,,Papora-Hoanya,Form.,Taiwan,,,false,
19321,Hoava,hoav1238,Hoava,hoa,,-8.19679,157.595,,,OC,Solomon Islands,,,false,
19673,Hote,hote1245,Hote,hot,,-7.07708,146.869,,,OC,,,,false,
627,Hoti,hoti1237,Hoti of East Seram,hti,,-3.0083,130.168,,,CMP,Indonesia (Maluku),[aka: Hotti],stresemann1927,false,
628,Huaulu,huau1237,Huaulu,hud,,-2.95835,129.202,,,CMP,Indonesia (Maluku),,,false,
19602,Hukua,valp1237,Valpei,vlp,,-14.712,166.606,,,OC,,,,false,
19659,Hula,hula1239,Hula,hul,,-9.99427,147.705,,,OC,,,,false,
630,Iaai,iaai1238,Iaai,iai,,-20.6301,166.59,,,OC,New Caledonia,,,false,
19582,Iarkei,whit1269,Whitesands,tnp,,-19.5019,169.381,,,OC,,[aka: Whitesands],,false,
19182,Ibaloy,ibal1244,Ibaloi,ibl,,16.4263,120.695,,Ibaloi,WMP,Philippines,"[aka: Ibaloi, Inibaloi]",ballard2011,false,
276,Iban,iban1264,Iban,iba,,2.09041,112.934,,,WMP,Malaysia (Sarawak),,richards1981,false,
632,Iban (Lemanak),iban1264,Iban,iba,,2.09041,112.934,,Iban,WMP,Malaysia (Sarawak),,,false,Iban
633,Ibanag,iban1267,Ibanag,ibg,,17.4201,121.891,,,WMP,Philippines,,mcfarland1977,false,
19385,Ibatan,ibat1238,Ibatan,ivb,,18.9398,121.909,,,WMP,,[aka: Babuyan],mareeandtomas2012,false,
18943,Ida'an Begak,idaa1241,Ida'an,dbj,,5.29059,118.515,,Ida’an,WMP,Malaysia (Sabah),,,false,
635,Idate,laka1255,Lakalei,lka,,-8.86372,125.716,,Lakalei,CMP,East Timor,,,false,
19667,Iduna,idun1242,Iduna,viv,,-9.34361,150.24,,,OC,,,,false,
636,Ifugaw,mayo1262,Mayoyao Ifugao,ifu,,16.9984,121.29,,"Ifugao, Mayoyao",WMP,Philippines,[aka: Ifugao],lambrecht1978,false,
637,Ifugaw (Amganad),amga1235,Amganad Ifugao,ifa,,16.9016,121.042,,"Ifugao, Amganad",WMP,Philippines,,reid1971,false,Ifugaw
18225,Ifugaw (Batad),bata1298,Batad Ifugao,ifb,,16.8266,121.23,,,WMP,,,newell1993,false,Ifugaw
639,Ifugaw (Bayninan),kele1259,Keley-i Kallahan,ify,,16.7099,121.035,,"Kallahan, Keley-i",WMP,Philippines,,reid1971,false,Ifugaw
19772,Ifugaw (Keley-i),kele1259,Keley-i Kallahan,ify,,16.7099,121.035,,,WMP,,,hohulinhohulinandmaddawat2018,false,Ifugaw
279,Ilokano,ilok1237,Iloko,ilo,,15.9361,120.993,,Ilocano,WMP,Philippines,,rubino2000;carro1956,false,
642,Ilongot,ilon1239,Ilongot,ilk,,16.3785,121.547,,,WMP,Philippines,,,false,
19613,Ilongot (Kakiduge:n),ilon1239,Ilongot,ilk,,16.3785,121.547,,,WMP,,,reid1971,false,
19340,Inati,atii1237,Ati,atk,,11.1539,122.512,,,WMP,,,,false,
645,Irarutu,irar1238,Irarutu,irh,,-2.94438,133.586,,,SHWNG,Indonesia (Papua),,,false,
646,Isinay,isin1239,Isinai,inn,,16.3299,121.12,,Isinai,WMP,Philippines,[aka: Isinai],,false,
647,Isneg,isna1241,Isnag,isd,,18.2139,121.16,,Isnag,WMP,Philippines,,vanoverbergh1972,false,
648,Itawis,itaw1240,Itawit,itv,,17.7329,121.58,,Itawit,WMP,Philippines,[aka: Itawit],tharpandnatividad1976,false,
282,Itbayaten,ivat1242,Itbayat,ivv,,20.77,121.85,,Ivatan,WMP,Philippines,,yamada1976,false,
18955,Itneg (Binongan),bino1237,Binongan Itneg,itb,,17.5972,120.876,,"Itneg, Binongan",WMP,Philippines,,,false,Itneg
18956,Ivatan,ivat1242,Itbayat,ivv,,20.77,121.85,,,WMP,Philippines,,,false,
19549,Ivatan (Isamorong),ivat1242,Itbayat,ivv,,20.77,121.85,,,WMP,,,,false,Ivatan
284,Jarai,jara1266,Jarai,jra,,13.6161,107.813,,,WMP,Viet Nam,,lafont1968,false,
285,Javanese,java1254,Javanese,jav,,-7.001,109.287,,,WMP,Indonesia (Java and Bali),,pigeaud1938;horne1974,false,
19683,Javanese (Krama),java1254,Javanese,jav,,-7.001,109.287,,,WMP,,,,false,Javanese
661,Jawe,jawe1237,Jawe,jaz,,-20.6648,164.676,,,OC,New Caledonia,,,false,
19505,Kadazan (Kimanis),coas1294,Coastal Kadazan,kzj,,5.77065,116.063,,,WMP,,,,false,
19561,Kadazan (Membakut),coas1294,Coastal Kadazan,kzj,,5.77065,116.063,,,WMP,,,,false,
19541,Kadazan (Papar),coas1294,Coastal Kadazan,kzj,,5.77065,116.063,,,WMP,,,,false,
287,Kadazan Dusun,coas1294,Coastal Kadazan,kzj,,5.77065,116.063,,"Kadazan, Coastal",WMP,Malaysia (Sabah),"[aka: Dusun (Kadazan), Kadazan]",antonissen1958,false,
665,Kahua,kahu1241,Kahua,agw,,-10.6963,162.191,,,OC,Solomon Islands,,,false,
666,Kaidipang,kaid1239,Kaidipang,kzp,,0.85641,123.217,,,WMP,Indonesia (Sulawesi),,,false,
667,Kairiru,kair1263,Kairiru,kxa,,-3.34608,143.558,,,OC,Papua New Guinea,,wivell1981,false,
19377,Kaiwa,iwal1237,Iwal,kbm,,-7.20938,146.983,,,OC,,,,false,
670,Kalagan,kala1388,Kalagan,kqe,,6.8126,125.328,,,WMP,Philippines,[aka: Tagakaulu Kalagan],reid1971,false,
18285,Kalamian Tagbanwa,cala1258,Calamian Tagbanwa,tbk,,12.0716,120.094,,"Tagbanwa, Calamian",WMP,Philippines,"[aka: Tagbanwa, Northern Tagbanwa]",reid1971;ruchnd,false,
672,Kalinga,lubu1243,Lubuagan Kalinga,knb,,17.3879,121.0365,,,WMP,,,reid1971,false,
673,Kalinga (Guinaang),lubu1243,Lubuagan Kalinga,knb,,17.3879,121.0365,,"Kalinga, Lubuagan",WMP,Philippines,,reid1971,false,Kalinga
676,Kallahan (Kayapa),ahin1234,Ahin-Kayapa Kalanguya,kak,,16.321,120.90003,,"Kallahan, Kayapa",WMP,Philippines,,reid1971,false,Kallahan
288,Kamarian,kama1362,Kamarian,kzx,,-3.40779,128.526,,,CMP,Indonesia (Maluku),,ekris186465,false,
678,Kambera,kamb1299,Kambera,xbr,,-9.88447,120.235,,,CMP,Indonesia (Nusa Tenggara),,onvlee1984,false,
679,Kambera (Mangili),kamb1299,Kambera,xbr,,-9.88447,120.235,,Kambera,CMP,Indonesia (Nusa Tenggara),,,false,Kambera
680,Kanakanabu,kana1286,Kanakanavu,xnb,,23.3235,120.887,,,Form.,Taiwan,[aka: Kanakanavu],tsuchida1976,false,
681,Kaniet,kani1282,Kaniet,ktk,,-1.51777,145.086,,,OC,Papua New Guinea,,,false,
289,Kankanaey,kank1243,Kankanaey,kne,,16.8548,120.689,,,WMP,Philippines,,vanoverbergh1933,false,
19593,Kankanaey (Northern),nort2877,Northern Kankanay,xnn,,17.1057,120.786,,,WMP,,,reid1971,false,
290,Kanowit,kano1244,Kanowit-Tanjong Melanau,kxn,,2.03781,112.383,,"Melanau, Kanowit-Tanjong",WMP,Malaysia (Sarawak),,ray1913,false,
18937,Kantu',mala1480,Malayic Dayak,xdy,,-2.78384,111.136,,Malayic Dayak,WMP,Indonesia (Kalimantan),,,false,
291,Kapampangan,pamp1243,Pampanga,pam,,14.9603,120.502,,Pampangan,WMP,Philippines,,forman1971,false,
292,Kapingamarangi,kapi1249,Kapingamarangi,kpg,,1.039166,154.797223,,,OC,Micronesia,,lieberanddikepa1974,false,
687,Kapuas,ngaj1237,Ngaju,nij,,-1.58463,112.794,,Ngaju,WMP,Indonesia (Kalimantan),,,false,
19693,Kara,kara1486,Kara (Papua New Guinea),leu,,-2.81957,151.111,,,OC,,,,false,
19621,Kara (East),east2453,,,,,,,,OC,,,,false,Kara
18314,Karo Batak,bata1293,Batak Karo,btx,,2.12787,98.2517,,Batak Karo,WMP,Indonesia (Sumatra),,neumann1951,false,
689,Karo Batak (Kembaren),bata1293,Batak Karo,btx,,2.12787,98.2517,,Batak Karo,WMP,Indonesia (Sumatra),,,false,Karo Batak
19758,Katbol,katb1237,Avava,tmb,,-16.2701,167.484,,,OC,,,,false,
690,Katingan,ngaj1237,Ngaju,nij,,-1.58463,112.794,,Ngaju,WMP,Indonesia (Kalimantan),,,false,
19516,Kaulong,kaul1240,Kaulong,pss,,-6.08192,149.696,,,OC,,,,false,
293,Kavalan,kava1241,Kavalan,ckv,,24.6947,121.645,,,Form.,Taiwan,,liandtsuchida2006,false,
294,Kayan,busa1255,Busang Kayan,bfg,,0.03494,115.401,,,WMP,,[aka: Kayan (Baram)],southwell1980,false,
18127,Kayan (Busang),busa1255,Busang Kayan,bfg,,0.03494,115.401,,"Kayan, Busang",WMP,Indonesia (Kalimantan),,,false,Kayan
753,Kayan (Long Atip),bara1370,Baram Kayan,kys,,3.51211,114.482,,"Kayan, Baram",WMP,Malaysia (Sarawak),,blust1971,false,Kayan
1098,Kayan (Uma Bawang),bara1370,Baram Kayan,kys,,3.51211,114.482,,,WMP,,,blust1971,false,Kayan
438,Kayan (Uma Juman),reja1241,Rejang Kayan,ree,,2.71903,114.169,,"Kayan, Rejang",WMP,Malaysia (Sarawak),,esser1964;blust1971,false,Kayan
693,Kayeli,kaye1241,Kayeli,kzl,,-3.39247,127.118,,,CMP,Indonesia (Maluku),,capell1943,false,
694,Kayupulau,kayu1243,Kayupulau,kzu,,-2.54415,140.626,,,OC,Indonesia (Papua),,,false,
19645,Keapara,keap1239,Keapara,khz,,-10.1342,147.95,,,OC,Papua New Guinea,[aka: Aroma],,false,
695,Kédang,keda1252,Kedang,ksx,,-8.23039,123.77,,Kedang,CMP,Indonesia (Nusa Tenggara),,,false,
298,Kei,keii1239,Kei,kei,,-5.63948,133.02,,,CMP,Indonesia (Maluku),,geurtjens1921,false,
19372,Kejaman,kaja1250,Kajaman,kag,,2.78613,113.886,,,WMP,,[aka: Kajaman],,false,
299,Kelabit,kela1258,Kelabit,kzi,,3.31783,115.428,,,WMP,Malaysia (Sarawak),"[aka: Bario Kelabit, Kelabit (Bario)]",blust1971,false,
762,Kelabit (Long Napir),kela1258,Kelabit,kzi,,3.31783,115.428,,Kelabit,WMP,Indonesia (Kalimantan),,blust1971,false,Kelabit
19768,Kelai,kela1259,,,,,,,,WMP,,,smith2019a,false,
19257,Kele,kele1258,Kele (Papua New Guinea),sbc,,-2.09163,147.064,,,OC,Papua New Guinea,,,false,
675,Keley-i,kele1259,Keley-i Kallahan,ify,,16.7099,121.035,,"Kallahan, Keley-i",WMP,Philippines,"[aka: Keleyqiq Kallahan, Kallahan (Keleyqiq)]",reid1971;hohulinhohulinandmaddawat2018,false,
699,Kemak,kema1243,Kemak,kem,,-9.00299,125.159,,,CMP,East Timor,,,false,
700,Kembayan,kemb1249,Mateq,xem,,0.66181,110.468,,,WMP,Indonesia (Kalimantan),,,false,
300,Kenyah,sebo1238,Sebop,sib,,3.42701,114.178,,,WMP,,,galvin1967,false,
19208,Kenyah (Lebu’ Kulit),waha1238,Eastern Lowland Kenyah,whk,,1.56635,116.655,,,WMP,,,soriente2006,false,Kenyah
19509,Kenyah (Lepu Anan),main1275,Usun Apau Kenyah,xkl,,3.54443,114.039,,,WMP,,,blust1971,false,Kenyah
19207,Kenyah (Lepu Tau),main1275,Usun Apau Kenyah,xkl,,3.54443,114.039,,Madang,WMP,Malaysia (Sarawak),,galvin1967,false,Kenyah
317,Kenyah (Long Anap),main1275,Usun Apau Kenyah,xkl,,3.54443,114.039,,,WMP,,,blust1971,false,Kenyah
754,Kenyah (Long Atun),sebo1238,Sebop,sib,,3.42701,114.178,,Sebop,WMP,Malaysia (Sarawak),,blust1971,false,Kenyah
755,Kenyah (Long Dunin),long1406,Western Lowland Kenyah,ttw,,3.85226,114.82,,,WMP,,,blust1971,false,Kenyah
19324,Kenyah (Long Ikang),long1400,,,,,,,,WMP,,,blust1971,false,Kenyah
19228,Kenyah (Long Jeeh),main1275,Usun Apau Kenyah,xkl,,3.54443,114.039,,,WMP,,,blust1971,false,Kenyah
763,Kenyah (Long Nawang),main1275,Usun Apau Kenyah,xkl,,3.54443,114.039,,,WMP,,,,false,Kenyah
19276,Kenyah (Long San),long1406,Western Lowland Kenyah,ttw,,3.85226,114.82,,,WMP,,,blust1971,false,Kenyah
765,Kenyah (Long Selaaʻn),long1406,Western Lowland Kenyah,ttw,,3.85226,114.82,,,WMP,,,blust1971,false,Kenyah
19298,Kenyah (Long Wat),long1406,Western Lowland Kenyah,ttw,,3.85226,114.82,,,WMP,Malaysia (Sarawak),,blust1971,false,Kenyah
19195,Kenyah (Òma Lóngh),umal1238,Uma' Lung,ulu,,3.25,116.5,,,WMP,,,soriente2006,false,Kenyah
19178,Keo,keoo1238,Kéo,xxk,,-8.8704,121.256,,Ke'o,CMP,Indonesia (Nusa Tenggara),,,false,
19472,Kilenge,kile1242,,,,,,,,OC,,,,false,
19026,Kilivila,kili1267,Kilivila,kij,,-8.72574,151.072,,,OC,Papua New Guinea,,senft1986,false,
19025,Kilokaka,zaza1245,Zazao,jaj,,-8.18719,159.255,,,OC,,,,false,
19599,Kimaragang Dusun,kima1244,Kimaragang,kqr,,6.61982,116.96,,,WMP,,[aka: Dusun (Kimaragang)],,false,
19589,Kinabatangan,uppe1427,Upper Kinabatangan,dmg,,5.31911,116.901,,,WMP,,,,false,
19566,Kinaray-a,kina1250,Kinaray-a,krj,,10.8131,122.297,,,WMP,,,,false,
18958,Kiput,kipu1237,Kiput,kyi,,4.16535,114.367,,Kiput ,WMP,Malaysia (Sarawak),,blust1971,false,
704,Kis,kiss1246,Kis,kis,,-3.83909,143.96,,,OC,Papua New Guinea,,,false,
302,Kisar,kisa1266,Kisar,kje,,-8.05122,127.18,,,CMP,Indonesia (Maluku),,jonker1932,false,
19774,Klata,gian1241,Giangan,bgi,,6.99967,125.359,,,WMP,,,zorc2019,false,
706,Kodi,kodi1247,Kodi,kod,,-9.6373,119.114,,,CMP,Indonesia (Nusa Tenggara),,,false,
19218,Kokota,koko1269,Kokota,kkk,,-8.16481,159.191,,,OC,Solomon Islands,,,false,
19383,Kola,kola1285,Kola,kvv,,-5.48833,134.592,,,CMP,,,,false,
708,Komodo,komo1261,Komodo,kvh,,-8.64518,119.477,,,CMP,Indonesia (Nusa Tenggara),,verheijen1982,false,
19499,Koro,bowa1234,Manus Koro,kxr,,-2.03429,147.14267,,,OC,,,,false,
19469,Koroni,koro1311,Koroni,xkq,,-2.6367,121.977,,,WMP,,,,false,
713,Kosraean,kosr1238,Kosraean,kos,,5.31,162.98,,,OC,Micronesia,,lee1976,false,
709,Kove,kove1237,Kove,kvc,,-5.58623,149.63,,,OC,Papua New Guinea,,,false,
304,Kowiai/Koiwai,kowi1239,Kowiai,kwh,,-4.21954,133.468,,Kowiai,SHWNG,Indonesia (Papua),[aka: Koiwai],walker1990,false,
19572,Kujau,kuij1237,Kuijau,dkr,,5.47179,116.108,,,WMP,,,,false,
19710,Kukuya,mina1269,Minaveha,mvn,,-9.59922,150.501,,,OC,,,,false,
710,Kulawi,moma1242,Moma,myl,,-1.4313,120.009,,Moma,WMP,Indonesia (Sulawesi),,,false,
19318,Kulisusu,kuli1254,Kulisusu,vkl,,-4.58411,123.045,,,WMP,Indonesia (Sulawesi),,,false,
711,Kurudu,kuru1305,Kurudu,kjr,,-1.8444,137.018,,,SHWNG,Indonesia (Papua),,,false,
712,Kuruti,kurt1250,Kurti,ktm,,-2.01187,147.036,,Kurti,OC,Papua New Guinea,,,false,
19638,Kusaghe,kusa1253,,,,,,,,OC,,,,false,
19550,Kuyonon,cuyo1237,Cuyonon,cyo,,10.3201,119.3,,,WMP,,,,false,
307,Kwaio,kwai1243,Kwaio,kwd,,-8.93744,160.965,,,OC,Solomon Islands,,keesing1975,false,
19307,Kwamera,kwam1252,Kwamera,tnk,,-19.5954,169.442,,,OC,Vanuatu,[aka: Isiai],,false,
18944,Kwara'ae,kwar1239,Kwara'ae,kwf,,-8.75779,160.804,,Kwara’ae,OC,Solomon Islands,,pawley1972,false,
309,Label,labe1239,Label,lbb,,-4.46971,152.678,,,OC,Papua New Guinea,,peekel192930,false,
19679,Labu,labu1248,Labu,lbu,,-6.75,146.903,,,OC,,,,false,
19514,Labuk-Kinabatangan Kadazan,labu1249,Labuk-Kinabatangan Kadazan,dtb,,5.51924,117.507,,,WMP,,[aka: Kadazan (Labuk-Kinabatangan)],,false,
19708,Laghu,lagh1246,Laghu,lgb,,-8.00509,158.961,,,OC,,[aka: Laghua],,false,
19289,Laha,laha1251,Laha (Indonesia),lhh,,-3.70755,128.073,,,CMP,Indonesia (Maluku),,,false,
310,Lahanan,laha1253,Lahanan,lhn,,2.72734,113.947,,,WMP,Malaysia (Sarawak),,rousseaund,false,
877,Lakalai,naka1262,Nakanai,nak,,-5.59931,150.888,,Nakanai,OC,Papua New Guinea,[aka: Nakanai],,false,
19581,Lakona,lako1245,Lakon,lkn,,-14.29899,167.429382,,,OC,,,,false,
19031,Lamaholot,lama1277,Lamaholot,slp,,-8.36439,122.803,,,CMP,Indonesia (Nusa Tenggara),,pampus1999,false,
720,Lamaholot (dialectal),lama1277,Lamaholot,slp,,-8.36439,122.803,,Lamaholot,CMP,Indonesia (Nusa Tenggara),,pampus1999,false,Lamaholot
19339,Lamboya,lamb1273,Lamboya,lmy,,-9.70434,119.344,,,CMP,,,,false,
19610,Lamenu,lame1260,Lamenu,lmu,,-16.6098,168.171,,,OC,,,,false,
19608,Lametin,mere1242,Merei,lmb,,-15.2839,166.905,,,OC,,,,false,
721,Lamogai,lamo1244,Lamogai,lmg,,-5.87071,149.321,,,OC,Papua New Guinea,,,false,
722,Lampung,lamp1243,Lampung Api,ljp,,-5.73463,105.037,,Lampung Api,WMP,Indonesia (Sumatra),,,false,
19704,Langalanga,wala1266,Wala,lgl,,-8.81936,160.741,,,OC,,,,false,
723,Lara Land Dayak,rara1235,Rara Bakati',lra,,1.27026,109.539,,"Bakati’, Rara",WMP,Indonesia (Kalimantan),"[aka: Lara', Lara' Land Dayak]",,false,
724,Larevat,lare1249,Larevat,lrv,,-16.1971,167.387,,,OC,Vanuatu,,,false,
19240,Larike,lari1255,Larike-Wakasihu,alo,,-3.76522,127.956,,Larike-Wakasihu,CMP,Indonesia (Maluku),,laidig1993,false,
313,Lau,lauu1247,Lau,llu,,-8.51018,160.872,,,OC,Solomon Islands,,fox1974,false,
726,Lauje,lauj1238,Lauje,law,,0.50708,120.262,,,WMP,Indonesia (Sulawesi),,,false,
19263,Laura,laur1249,Laura,lur,,-9.4296,119.19,,,CMP,Indonesia (Nusa Tenggara),,,false,
19647,Lavongai,tung1290,Tungag,lcm,,-2.52188,150.198,,,OC,,,,false,
727,Lawangan,lawa1257,Lawangan,lbx,,-1.80261,115.876,,,WMP,Indonesia (Kalimantan),,,false,
19435,Lehalurup,leha1244,Lehalurup,urr,,-13.542726,167.343342,,,OC,,"[aka: Ureparapara, Lehali]",tryon1976,false,
730,Leipon,leip1237,Leipon,lek,,-1.9665,147.226,,,OC,Papua New Guinea,,,false,
19510,Lelak,lela1246,Lelak,llk,,4.11426,114.029,,,WMP,,,,false,
19255,Lele,lele1270,Lele (Papua New Guinea),lle,,-2.04783,147.207,,,OC,Papua New Guinea,,blust1975,false,
19366,Lelepa,lele1267,Lelepa,lpa,,-17.6042,168.202,,,OC,,,,false,
19511,Lemeting,bela1260,Lemeting,beg,,4.96207,114.933,,,WMP,,,,false,
19305,Lenakel,lena1238,Lenakel,tnl,,-19.4763,169.261,,,OC,Vanuatu,,,false,
19362,Lengo,leng1259,Lengo,lgr,,-9.56425,160.42,,,OC,,,,false,
18950,Lenkau,lenk1247,Lenkau,ler,,-2.33367,147.742,,,OC,Papua New Guinea,,,false,
733,Letemboi,lete1241,Letemboi-Repanbitip,nms,,-16.4339,167.566,,,OC,Vanuatu,,,false,
316,Leti,leti1246,Leti (Indonesia),lti,,-8.19808,127.674,,,CMP,Indonesia (Maluku),[aka: Letinese],jonker1932,false,
735,Levei,kheh1237,Khehek,tlx,,-2.06626,146.746,,Khehek,OC,Papua New Guinea,,,false,
19517,Leviamp,bign1238,Big Nambas,nmb,,-16.0903,167.239,,,OC,,,,false,
19655,Lewo,lewo1242,Lewo,lww,,-16.7612,168.334,,,OC,,,,false,
19590,Lihir,lihi1237,Lihir,lih,,-3.18895,152.606,,,OC,,,,false,
319,Likum,liku1243,Likum,lib,,-2.16157,146.695,,,OC,Papua New Guinea,,blust1975,false,
739,Lindrou,nyin1250,Nyindrou,lid,,-2.1143,146.627,,Nyindrou,OC,Papua New Guinea,,,false,
740,Lingarak,ling1265,Neverver,lgk,,-16.1986,167.499,,,OC,Vanuatu,,,false,
19526,Lingkabau,ling1266,,,,,,,,WMP,,,,false,
18938,Li'o,lioo1240,Li'o,ljl,,-8.68615,121.832,,Li’o,CMP,Indonesia (Nusa Tenggara),,vandierendoncknd,false,
19506,Lobu Lanas,lana1236,Lanas Lobu,ruu,,5.39196,116.577,,,WMP,,,,false,
19583,Lobu Tampios,tamp1254,Tampias Lobu,low,,5.72467,116.789,,,WMP,,,,false,
19712,Lolak,lola1250,Lolak,llq,,0.85544,124.117,,,WMP,,,,false,
19771,Long Gelat Modang,long1405,,,,,,,,WMP,,,,false,
19584,Penan (Long Lamai),east2485,Eastern Penan,pez,,4.5915,114.584,,,WMP,,,,false,Penan
745,Longgu,long1395,Longgu,lgu,,-9.75258,160.663,,,OC,Solomon Islands,,,false,
321,Loniu,loni1238,Loniu,los,,-2.06124,147.35,,,OC,Papua New Guinea,,blust1975,false,
320,Lonwolwol,lonw1238,Lonwolwol,crc,,-16.2286,168.016,,,OC,Vanuatu,,paton1973,false,
322,Lou,louu1245,Lou,loj,,-2.38659,147.346,,,OC,Papua New Guinea,,blust1975,false,
749,Luang,luan1263,Luang,lex,,-8.18378,127.944,,,CMP,,[aka: Luang-Sermata],taber1993,false,
19740,Luangiua,onto1237,Luangiua,ojv,,-5.49029,159.701,,,OC,,,,false,
19370,Luilang,keta1243,Ketangalan,kae,,25.0257,121.425,,,Form.,,,,false,
19728,Lukep,loke1237,,,,,,,,OC,,,,false,
19607,Lukep (Pono),arop1244,,,,,,,,OC,,,,false,Lukep
19418,Lun Dayeh,lund1271,Lundayeh,lnd,,4.25064,115.5,,,WMP,,"[aka: Lun Bawang, Long Semadoh]",blust1971,false,
19653,Lun Dayeh (Kemaloh),lund1271,Lundayeh,lnd,,4.25064,115.5,,,WMP,,,ganangcrainandpearsonrounds2008,false,Lun Dayeh
19630,Lun Dayeh (Long Semado),lund1271,Lundayeh,lnd,,4.25064,115.5,,,WMP,,,,false,Lun Dayeh
751,Lundu,rara1235,Rara Bakati',lra,,1.27026,109.539,,"Bakati’, Rara",WMP,Malaysia (Sarawak),,,false,
19287,Lungga,lung1249,Lungga,lga,,-8.17469,156.573,,,OC,Solomon Islands,,,false,
19308,Lusi,lusi1240,Lusi,khl,,-5.55033,149.148,,,OC,Papua New Guinea,[aka: Kaliai-Kove],,false,
770,Ma'anyan,maan1238,Ma'anyan,mhy,,-2.1239,115.092,,,WMP,Indonesia (Kalimantan),,hudson1967,false,
324,Madurese,nucl1460,Madurese,mad,,-7.0,113.0,,Madura,WMP,Indonesia (Java and Bali),,safioedin1977,false,
19627,Mae,maee1241,Tirax,mme,,-15.9914,167.288,,,OC,,,,false,
19611,Mae-Morae,maii1238,Maii,mmm,,-16.7388,168.211,,,OC,,,,false,
19632,Maewo,maew1234,,,,,,,,OC,,,,false,
772,Mafea,mafe1237,Mafea,mkv,,-15.4316,167.241,,,OC,Vanuatu,,,false,
773,Magori,mago1248,Magori,zgr,,-10.2321,149.26,,,OC,Papua New Guinea,,,false,
19520,Maguindanao,magu1243,Maguindanao,mdh,,6.9453,124.509,,,WMP,,,,false,
774,Mailu,mail1248,Mailu,mgu,,-10.3657,149.521,,,OC,Papua New Guinea,,,false,
325,Makassarese,maka1311,Makasar,mak,,-5.65551,119.838,,Makasar,WMP,Indonesia (Sulawesi),[aka: Makasarese],cense1979,false,
776,Makassarese (Bantaeng),bent1237,Bentong,bnu,,-4.76004,119.806,,,WMP,,,,false,Makassarese
777,Makassarese (Salayar),sela1260,Selayar,sly,,-6.10145,120.496,,Selayar,WMP,Indonesia (Sulawesi),,,false,Makassarese
778,Makatea,emae1237,Emae,mmw,,-17.052,168.399,,,OC,,,,false,
18432,Malagasy,meri1243,,mlg,,,,,,WMP,Madagascar,"[aka: Malagasy (Merina), Merina]",richardson1885,false,
781,Malagasy (Provincial),,,,,,,,,WMP,,,,false,Malagasy
782,Malagasy (Sakalava),saka1291,West Malagasy Sakalava,skg,,-20.28,44.32,,"Malagasy, Sakalava",WMP,Madagascar,,,false,Malagasy
19604,Malagasy (Taimoro),anta1259,,,,,,,,WMP,,,,false,Malagasy
19477,Malango,mala1484,Malango,mln,,-9.61383,160.118,,,OC,,,,false,
19565,Malaweg,mala1534,Malaweg,,,17.844833,121.391322,,,WMP,,,,false,
326,Malay,mala1479,Central Malay,zlm,,1.85856,103.0,,,WMP,Malaysia (Peninsular),,wilkinson1959,false,
19426,Malay (Ambon),ambo1250,Ambonese Malay,abs,,-3.71342,128.184,,,WMP,,,,false,Malay
19005,Malay (Baba),baba1267,Baba Malay,mbf,,1.75414,103.076,,"Malay, Baba",WMP,Singapore,,,false,Malay
787,Malay (Borneo),,,,,,,,,WMP,,,,false,Malay
788,Malay (Brunei),brun1242,Brunei,kxd,,4.456045,114.429505,,Brunei,WMP,Brunei,,,false,Malay
789,Malay (Deli),mala1479,Central Malay,zlm,,1.85856,103.0,,Malay,WMP,Malaysia (Peninsular),,,false,Malay
18430,Malay (Jakarta),beta1252,Betawi,bew,,-6.21174,107.022,,Betawi,WMP,Indonesia (Java and Bali),,wilkinson1959,false,Malay
791,Malay (Java),beta1252,Betawi,bew,,-6.21174,107.022,,Betawi,WMP,Indonesia (Java and Bali),,,false,Malay
792,Malay (Johore),mala1479,Central Malay,zlm,,1.85856,103.0,,,WMP,,,,false,Malay
18996,Malay (Kedah),keda1251,Kedah-Perak Malay,meo,,5.933,100.492,,"Malay, Kedah",WMP,Malaysia (Peninsular),,,false,Malay
18431,"Malay (Kedah, Kelantan)",mala1479,Central Malay,zlm,,1.85856,103.0,,Malay,WMP,Malaysia (Peninsular),,,false,Malay
794,Malay (Kelantan),patt1249,Kelantan-Pattani Malay,mfa,,6.38148,101.41,,Malay,WMP,Malaysia (Peninsular),,,false,Malay
19278,Malay (Middle),cent2053,South Barisan Malay,pse,,-3.79673,103.137,,,WMP,,,,false,Malay
795,Malay (Orang Laut),duan1242,Duano,dup,,0.72162,103.46759,,Duano,WMP,Indonesia (Sumatra),,,false,Malay
796,Malay (Pahang),mala1479,Central Malay,zlm,,1.85856,103.0,,Malay,WMP,Malaysia (Peninsular),,,false,Malay
797,Malay (Pattani),patt1249,Kelantan-Pattani Malay,mfa,,6.38148,101.41,,"Malay, Pattani",WMP,Thailand,,,false,Malay
798,Malay (Penang),keda1251,Kedah-Perak Malay,meo,,5.933,100.492,,,WMP,,,,false,Malay
799,Malay (Perak),mala1479,Central Malay,zlm,,1.85856,103.0,,Malay,WMP,Malaysia (Peninsular),,,false,Malay
800,Malay (Riau),mala1479,Central Malay,zlm,,1.85856,103.0,,Malay,WMP,Malaysia (Peninsular),,,false,Malay
801,Malay (Sarawak),mala1479,Central Malay,zlm,,1.85856,103.0,,Malay,WMP,Malaysia (Peninsular),,,false,Malay
802,Malay (Sumatra),mala1479,Central Malay,zlm,,1.85856,103.0,,Malay,WMP,Malaysia (Peninsular),,,false,Malay
803,Malay (Trengganu),mala1479,Central Malay,zlm,,1.85856,103.0,,Malay,WMP,Malaysia (Peninsular),,,false,Malay
804,Malay (Ulu Pahang),mala1479,Central Malay,zlm,,1.85856,103.0,,,WMP,,,,false,Malay
805,Malay (W.Sumatra),mina1268,Minangkabau,min,,-0.896,100.44,,,WMP,,,,false,Malay
806,Maleu,male1289,Maleu-Kilenge,mgl,,-5.61613,148.445,,Maleu-Kilenge,OC,Papua New Guinea,,,false,
19459,Malfaxal,malf1237,Na'ahai,mlx,,-16.5499,167.509,,,OC,,,,false,
19636,Malmariv,mere1242,Merei,lmb,,-15.2839,166.905,,,OC,,,,false,
327,Maloh,emba1238,Embaloh,emb,,1.3156,112.63,,Embaloh,WMP,Indonesia (Kalimantan),,king1976,false,
808,Maloh (Palin),emba1238,Embaloh,emb,,1.3156,112.63,,Embaloh,WMP,Indonesia (Kalimantan),,,false,Maloh
809,Mamanwa,mama1275,Mamanwa,mmn,,9.44744,125.548,,,WMP,Philippines,,reid1971,false,
810,Mambai,mamb1306,Mambae,mgm,,-9.19552,125.475,,Mambae,CMP,East Timor,[aka: Mambae],,false,
811,Mamben,sasa1249,Sasak,sas,,-8.58349,116.284,,,WMP,,,,false,
19578,Mamuju,mamu1255,Mamuju,mqx,,-2.50762,119.082,,,WMP,,,,false,
328,Manam,mana1295,Manam,mva,,-4.07921,145.033,,,OC,Papua New Guinea,,bohm1975,false,
813,Mandar,mand1442,Mandar,mdr,,-3.34717,119.068,,,WMP,Indonesia (Sulawesi),,muthalib1977,false,
18477,Mandaya,kara1489,Mandaya,mry,,7.50481,126.409,,"Mandaya, Karaga",WMP,Philippines,,,false,
816,Manggarai,mang1405,Manggarai,mqy,,-8.55748,120.329,,,CMP,Indonesia (Nusa Tenggara),,verheijen196770,false,
19628,Manggarai (Central),cent2073,,,,,,,,CMP,,,,false,Manggarai
19722,Manggarai (Mulu),mang1405,Manggarai,mqy,,-8.55748,120.329,,,CMP,,,,false,Manggarai
19347,Manggarai (Pacar),mang1405,Manggarai,mqy,,-8.55748,120.329,,,CMP,,,,false,Manggarai
817,Manggarai (West),mang1405,Manggarai,mqy,,-8.55748,120.329,,Manggarai,CMP,Indonesia (Nusa Tenggara),,,false,Manggarai
19730,Mangseng,mang1403,Mangseng,mbh,,-5.89752,150.68,,,OC,,,,false,
19765,Manide,cama1250,Camarines Norte Agta,abd,,14.1571,122.835,,,WMP,,,,false,
19759,Manipa,mani1297,Manipa,mqp,,-3.30342,127.565,,,CMP,,,collins1983,false,
19484,Manobo (Agusan),agus1235,Agusan Manobo,msm,,8.62731,125.742,,,WMP,,,,false,Manobo
821,Manobo (Dibabawon),diba1242,Dibabawon Manobo,mbd,,7.85664,126.018,,"Manobo, Dibabawon",WMP,Philippines,,reid1971,false,Manobo
822,Manobo (Ilianen),ilia1236,Ilianen Manobo,mbi,,7.34448,124.766,,"Manobo, Ilianen",WMP,Philippines,,reid1971,false,Manobo
820,Manobo (Kalamansig Cotabato),cota1241,Cotabato Manobo,mta,,6.39417,124.234,,"Manobo, Cotabato",WMP,Philippines,,reid1971,false,Manobo
823,Manobo (Sarangani),sara1327,Sarangani Manobo,mbs,,5.84903,125.499,,"Manobo, Sarangani",WMP,Philippines,,reid1971,false,Manobo
824,Manobo (Tigwa),mati1250,Matigsalug Manobo,mbt,,7.72124,125.16,,"Manobo, Matigsalug",WMP,Philippines,,reid1971,false,Manobo
819,Manobo (Western Bukidnon),west2555,Western Bukidnon Manobo,mbb,,7.6682,124.825,,"Manobo, Western Bukidnon",WMP,Philippines,,elkins1968,false,Manobo
818,Manobo (Ata),atam1240,Ata Manobo,atd,,7.7789,125.499,,"Manobo, Ata",WMP,Philippines,,,false,Manobo
825,Mansaka,mans1262,Mansaka,msk,,6.79221,126.181,,,WMP,Philippines,,svelmoeandsvelmoe1990,false,
826,Manusela,manu1258,Manusela,wha,,-3.1109,129.429,,,CMP,Indonesia (Maluku),,,false,
330,Maori,maor1246,Maori,mri,,-38.2881,176.541,,,OC,New Zealand,,williams1971,false,
828,Mapos,mapo1242,Mapos Buang,bzh,,-6.86672,146.774,,"Buang, Mapos",OC,Papua New Guinea,,,false,
19742,Mapos Buang,mapo1242,Mapos Buang,bzh,,-6.86672,146.774,,,OC,,,,false,
19365,Mapremo,lewo1242,Lewo,lww,,-16.7612,168.334,,,OC,,,,false,
19176,Mapun,mapu1244,Mapun,sjm,,6.09061,118.75,,,WMP,Philippines,,,false,
331,Maranao,mara1404,Maranao,mrw,,7.79414,124.175,,,WMP,Philippines,,mckaughanandmacaraya1967,false,
19760,Marau₁,mara1397,Marau,mvr,,-1.66738,135.797,,,SHWNG,,[aka: Marau],anceaux1961,false,
830,Marau₂,mara1397,Marau,mvr,,-1.66738,135.797,,Marau,OC,Indonesia (Papua),[aka: Marau],tryonandhackman1983,false,
831,Marino,mari1426,Sunwadia,mrb,,-14.970047,168.057941,,,OC,Vanuatu,,tryon1976,false,
832,Marovo,maro1244,Marovo,mvo,,-8.37943,157.747,,,OC,Solomon Islands,,,false,
19258,Marquesan,nort2845,North Marquesan,mrq,,-8.89412,-140.108,,"Marquesan, North",OC,French Polynesia,,,false,
833,Marshallese,mars1254,Marshallese,mah,,8.72,167.73,,,OC,Marshall Islands,,aboetal1976,false,
19631,Marshallese (Eastern),mars1254,Marshallese,mah,,8.72,167.73,,,OC,,,,false,Marshallese
19269,Marshallese (Western),mars1254,Marshallese,mah,,8.72,167.73,,Marshallese,OC,Marshall Islands,,,false,Marshallese
19186,Masbatenyo,masb1238,Masbatenyo,msb,,12.21453,123.63579,,,WMP,Philippines,,,false,
834,Masiwang,masi1266,Masiwang,bnf,,-3.29547,130.601,,,CMP,Indonesia (Maluku),,,false,
19226,Maskelynes,mask1242,Maskelynes,klv,,-16.5073,167.818,,,OC,Vanuatu,,,false,
19626,Maxbaxo,avok1244,Avok,,,-16.536653,167.773866,,,OC,,,,false,
837,Mayá,maya1282,Misool-Salawati Ma'ya,slz,,-1.22329,130.909,,,SHWNG,,,,false,
815,Mbula,mbul1263,Mbula,mna,,-5.66965,148.041,,,OC,Papua New Guinea,[aka: Mangap-Mbula],bugenhagenandbugenhagen2007,false,
19670,Medebur,mede1237,Medebur,mjm,,-4.49918,145.425,,,OC,,,,false,
19769,Mei Lan Modang,moda1244,Modang,mxd,,0.80793,116.573,,,WMP,,,,false,
838,Mekeo (East),meke1243,Mekeo,mek,,-8.23853,146.586,,Mekeo,OC,Papua New Guinea,[aka: Mekeo],jones1998,false,
515,Melanau (Balingian),cent2101,Central Melanau,mel,,2.524086,111.346451,,"Melanau, Central",WMP,Malaysia (Sarawak),[aka: Balingian],,false,
836,Melanau (Matu),daro1239,Daro-Matu Melanau,dro,,2.54435,111.536,,"Melanau, Daro-Matu",WMP,Malaysia (Sarawak),[aka: Matu Melanau],,false,
349,Melanau (Mukah),cent2101,Central Melanau,mel,,2.524086,111.346451,,"Melanau, Central",WMP,Malaysia (Sarawak),[aka: Mukah Melanau],blust1971,false,
991,Melanau (Sarikei),cent2101,Central Melanau,mel,,2.524086,111.346451,,"Melanau, Central",WMP,Malaysia (Sarawak),,,false,
18953,Melanau Dalat,cent2101,Central Melanau,mel,,2.524086,111.346451,,"Melanau, Central",WMP,Malaysia (Sarawak),[aka: Dalat Melanau],,false,
576,Melanau Dalat (Kampung Kekan),cent2101,Central Melanau,mel,,2.524086,111.346451,,,WMP,,,,false,Melanau Dalat
577,Melanau Dalat (Kampung Teh),cent2101,Central Melanau,mel,,2.524086,111.346451,,,WMP,,,,false,Melanau Dalat
839,Mele-Fila,mele1250,Mele-Fila,mxe,,-17.6841,168.275,,,OC,Vanuatu,[aka: Ifira-Mere],,false,
840,Mendak,mada1285,Madak,mmx,,-3.34342,151.967,,,OC,,[aka: Madak],,false,
841,Mengen,meng1267,Mengen,mee,,-5.47036,151.373,,,OC,Papua New Guinea,,,false,
19658,Mengen (Poeng),meng1267,Mengen,mee,,-5.47036,151.373,,,OC,,[aka: Poeng],,false,
335,Mentawai,ment1249,Mentawai,mwv,,-1.41092,98.9401,,,WMP,Indonesia (Sumatra),,morris1900,false,
19406,Merig,mwer1250,,,,,,,,OC,,,,false,
843,Merlav,merl1237,Merlav,mrm,,-14.450679,168.053527,,,OC,Vanuatu,,,false,
337,Minangkabau,mina1268,Minangkabau,min,,-0.896,100.44,,,WMP,Indonesia (Sumatra),,wilkinson1959;vandertoorn1891,false,
19688,Minigir,mini1251,Minigir,vmg,,-4.31803,152.005,,,OC,,,,false,
19552,Minokok,mino1243,Minokok,mqq,,5.43348,116.759,,,WMP,,,,false,
846,Minyaifuin,gebe1237,Gebe,gei,,-0.07877,129.424,,,SHWNG,,,,false,
338,Miri,miri1269,,,,,,,,WMP,,,blust1971,false,
848,Misima,misi1243,Misima-Paneati,mpx,,-10.6821,152.696,,Misima-Paneati,OC,Papua New Guinea,,,false,
19232,Misool (Coast),maya1282,Misool-Salawati Ma'ya,slz,,-1.22329,130.909,,,SHWNG,,[aka: Misol],wallace1962,false,
849,Moa,moaa1237,,,,,,,,CMP,,,,false,
850,Modang (Long Glat),moda1244,Modang,mxd,,0.80793,116.573,,Modang,WMP,Indonesia (Kalimantan),[aka: Long Glat Modang],,false,
341,Moken,moke1242,Moken,mwt,,10.1474,98.6765,,,WMP,Myanmar,,larish1999,false,
342,Mokilese,moki1238,Mokilese,mkj,,6.65651,159.776,,,OC,Micronesia,,harrisonandalbert1977,false,
19512,Molbog,molb1237,Molbog,pwm,,7.956663,117.030502,,,WMP,,,,false,
19480,Moli,moli1247,,,,,,,,OC,,,,false,
18975,Molima,moli1248,Molima,mox,,-9.57457,150.614,,,OC,Papua New Guinea,,chowningndb,false,
854,Mondropolon,mond1265,Mondropolon,npn,,-2.01359,146.931,,,OC,Papua New Guinea,,,false,
245,Mongondow,mong1342,Mongondow,mog,,0.64616,124.114,,,WMP,Indonesia (Sulawesi),[aka: Bolaang Mongondow],dunnebier1951,false,
19034,Mono-Alu,mono1273,Mono-Alu,mte,,-7.05102,155.76,,Mono,OC,Solomon Islands,"[aka: Mono, Alu]",wheeler1926,false,
857,Moor,morm1235,Mor (Mor Islands),mhz,,-2.87055,135.95,,,SHWNG,,[aka: Mor],kamholz2011,false,
858,Morella,more1257,,,,,,,,CMP,,,,false,
859,Mori,mori1268,Mori Bawah,xmz,,-2.56016,121.37,,,WMP,,,,false,
19280,Mori Atas,mori1269,Mori Atas,mzq,,-2.2555,121.035,,,WMP,Indonesia (Sulawesi),,mead1999,false,
19279,Mori Bawah,mori1268,Mori Bawah,xmz,,-2.56016,121.37,,,WMP,Indonesia (Sulawesi),,,false,
19456,Moronene,moro1287,Moronene,mqn,,-4.62361,121.824,,,WMP,,,,false,
860,Morouas,moro1286,Morouas,mrp,,-15.3498,166.891,,,OC,Vanuatu,,,false,
861,Mortlockese,mort1237,Mortlockese,mrl,,5.50735,153.710778,,,OC,Micronesia,,,false,
19343,Mosina,vure1239,Vurës,msn,,-13.905677,167.451412,,,OC,,,,false,
344,Mota,mota1237,Mota,mtt,,-13.835361,167.690924,,,OC,Vanuatu,,codringtonandpalmer1896,false,
863,Motlav,motl1237,Mwotlap,mlv,,-13.655015,167.706277,,,OC,Vanuatu,[aka: Mwotlap],,false,
345,Motu,motu1246,Motu,meu,,-9.67492,147.424,,,OC,Papua New Guinea,,listerturnerandclark1930,false,
19530,Mouk,mouk1240,,,,,,,,OC,,,,false,
19221,Mpotovoro,mpot1241,Mpotovoro,mvt,,-15.8988,167.232,,,OC,Vanuatu,,,false,
866,Mukawa,aree1239,Are,mwc,,-9.67147,149.999,,Are,OC,Papua New Guinea,,,false,
350,Muna,muna1247,Muna,mnb,,-5.40419,122.541,,,WMP,Indonesia (Sulawesi),,vandenberg1996,false,
868,Munggui,mung1269,Munggui,mth,,-1.66773,135.918,,,SHWNG,Indonesia (Papua),,,false,
869,Murik,muri1260,Murik (Papua New Guinea),mtf,,-3.86959,144.166,,,WMP,Papua New Guinea,,blust1974,false,
872,Murung,otda1235,Ot Danum,otd,,-0.3955,113.469,,Ot Danum,WMP,Indonesia (Kalimantan),,,false,
622,Murut (Highland),taga1273,Tagal Murut,mvv,,4.42907,116.177,,Tagal Murut,WMP,Malaysia (Sabah),,,false,Murut
19389,Murut (Kalabakan),kala1391,Kalabakan,kve,,4.53605,117.317,,,WMP,,,,false,Murut
19387,Murut (Kolod),okol1241,Okolod,kqv,,4.53989,115.753,,,WMP,,,,false,Murut
19033,Murut (Lowland),timu1262,Timugon Murut,tih,,5.1796,115.826,,,WMP,,,,false,Murut
876,Murut (Nabaay),keni1249,Keningau Murut,kxi,,5.42272,116.198,,Keningau Murut,WMP,Malaysia (Sabah),,,false,Murut
917,Murut (Paluan),palu1253,Paluan,plz,,5.02715,116.346,,Paluan,WMP,Malaysia (Sabah),,,false,Murut
470,Murut (Tagol),taga1273,Tagal Murut,mvv,,4.42907,116.177,,Tagal Murut,WMP,Malaysia (Sabah),,lobel2016,false,Murut
1067,Murut (Timugon),timu1262,Timugon Murut,tih,,5.1796,115.826,,Timugon Murut,WMP,Malaysia (Sabah),,prentice1974,false,Murut
19563,Murut (Papar),papa1268,Papar,dpp,,5.57378,115.58,,,WMP,,[aka: Papar Murut],,false,
19606,Murut (Serudong),seru1246,Serudung Murut,srk,,4.39954,117.279,,,WMP,,[aka: Serudong],,false,
352,Mussau,muss1246,Mussau-Emira,emi,,-1.44105,149.624,,Mussau-Emira,OC,Papua New Guinea,,blust1984,false,
19649,Mutu,mutu1242,Mutu,tuc,,-5.79405,148.014,,,OC,,"[aka: Mutu, Tuam-Mutu]",pawleyandpawley1998,false,
19524,Muyuw,muyu1244,Muyuw,myw,,-9.195,152.731,,,OC,Papua New Guinea,,,false,
19411,Nakanamanga,sesa1243,,,,,,,,OC,,"[aka: Nguna, Sesake, Woraviu]",,false,
878,Nali,nali1245,Nali,nss,,-2.14273,147.202,,,OC,Papua New Guinea,,blust1975,false,
879,Nalik,nali1244,Nalik,nal,,-2.94411,151.332,,,OC,Papua New Guinea,,,false,
19235,Namakir,mata1250,,,,,,,,OC,,"[aka: Makura, Mataso]",sperlich1991,false,
19494,Naman,litz1237,Naman,lzl,,-16.1331,167.415,,Litzlitz,OC,Vanuatu,[aka: Litzlitz],,false,
881,Napu,napu1241,Napu,npy,,-1.43707,120.338,,,WMP,Indonesia (Sulawesi),,,false,
19532,Narango,nara1263,Narango,nrg,,-15.5259,167.047,,,OC,,,,false,
354,Narum,naro1251,Narom,nrm,,4.42115,114.011,,Narom,WMP,Malaysia (Sarawak),,blust1971,false,
19412,Nasarian,nasa1240,Nasarian,nvh,,-16.3497,167.414,,,OC,,[aka: Dixon Reef II],,false,
355,Nauna,naun1237,Nauna,ncn,,-2.21213,148.201,,,OC,Papua New Guinea,,blust1975,false,
885,Nauruan,naur1243,Nauru,nau,,-0.52957,166.922,,,OC,Nauru,,,false,
887,Nduke,duke1237,Duke,nke,,-7.97768,157.064,,Duke,OC,Solomon Islands,,,false,
888,Nehan,neha1247,Nehan,nsn,,-4.56875,154.2,,,OC,Papua New Guinea,[aka: Nissan],,false,
19519,Nêlêmwa,kuma1276,Nêlêmwa-Nixumwak,nee,,-20.4035,164.193,,,OC,,,,false,
889,Nemi,nemi1240,Nemi,nem,,-20.6791,164.797,,,OC,New Caledonia,,,false,
890,Nengone,neng1238,Nengone,nen,,-21.5305,167.964,,,OC,New Caledonia,,,false,
19623,Nese,nese1235,Nese,,,-15.952608,167.222769,,,OC,,,,false,
19747,Neve'ei,vinm1237,Neve'ei,vnm,,-16.2253,167.427,,,OC,,,,false,
357,Ngadha,ngad1261,Ngad'a,nxg,,-8.79508,120.976,,Ngad’a,CMP,Indonesia (Nusa Tenggara),,arndt1961,false,
18577,Ngaju Dayak,ngaj1237,Ngaju,nij,,-1.58463,112.794,,Ngaju,WMP,Indonesia (Kalimantan),,hardeland1859,false,
893,Nggae,ghar1239,Ghari,gri,,-9.4791,159.917,,Ghari,OC,Solomon Islands,,,false,
359,Nggela,gela1263,Gela,nlg,,-9.04587,160.186,,Gela,OC,Solomon Islands,,fox1955,false,
895,Nggeri,ghar1239,Ghari,gri,,-9.4791,159.917,,Ghari,OC,Solomon Islands,,,false,
19404,Nginia,ngin1246,,,,,,,,OC,,,,false,
897,Ngwatua,west2513,West Ambae,nnd,,-15.4281,167.807,,,OC,,,,false,
361,Nias,nias1242,Nias,nia,,0.90691,97.4961,,,WMP,Indonesia (Sumatra),,sundermann1905,false,
899,Nias (Southern),nias1242,Nias,nia,,0.90691,97.4961,,Nias,WMP,Indonesia (Sumatra),,,false,Nias
19587,Nibong,nibo1237,,,,,,,,WMP,,,,false,
362,Niue,niue1239,Niuean,niu,,-19.06,-169.86,,,OC,Niue,,mcewen1970,false,
19678,Nokuku,noku1237,Nokuku,nkk,,-14.8974,166.603,,,OC,,,,false,
19474,Nonona,wusi1237,Kula (Vanuatu),wsi,,-15.2786,166.696,,,OC,,,,false,
874,North Ambrym,nort2839,North Ambrym,mmg,,-16.1741,168.14,,"Ambrym, North",OC,Vanuatu,,,false,
19644,Efate (North),nort2836,North Efate,llp,,-17.5774,168.375,,,OC,,[aka: North Efate],,false,
19261,North Malo,malo1243,Tamambo,mla,,-15.6835,167.16,,Malo,OC,Vanuatu,,,false,
875,North Tanna,nort2847,North Tanna,tnn,,-19.3733,169.303,,"Tanna, North",OC,Vanuatu,,,false,
19409,Northeast Ambae,east2443,East Ambae,omb,,-15.3523,167.89,,,OC,,"[aka: Wailengi, Lolomatui, Lolsiwoi]",,false,
19731,Notsi,nots1237,Notsi,ncf,,-3.0557,151.661,,,OC,,,,false,
902,Nuaulu,nort2867,North Nuaulu,nni,,-2.93154,129.277,,"Nuaulu, North",CMP,Indonesia (Maluku),,,false,
363,Nukuoro,nuku1260,Nukuoro,nkr,,3.84,154.975,,,OC,Micronesia,,carrollandsoulik1973,false,
19603,Nukuria,nuku1259,Nukuria,nur,,-3.40038,154.731,,,OC,,,,false,
904,Numbami,numb1247,Numbami,sij,,-7.52806,147.298,,,OC,Papua New Guinea,,,false,
364,Numfor,biak1248,Biak,bhw,,-0.9523,135.879,,Biak,SHWNG,Indonesia (Papua),"[aka: Biak, Numfor-Biak]",vanhasseltandvanhasselt1947,false,
19761,Nusa Laut,nusa1245,Nusa Laut,nul,,-3.67727,128.776,,,CMP,,,,false,
19537,Nyelâyu,nyal1254,Belep,yly,,-19.72,163.66,,,OC,,,,false,
19555,Old Cebuano,cebu1242,Cebuano,ceb,,8.38799,124.367,,,WMP,,,,false,
660,Old Javanese,kawi1241,Kawi,kaw,,-7.0,111.0,,,WMP,,,zoetmulder1982,false,
906,Onin,onin1245,Onin,oni,,-2.75976,132.062,,,CMP,Indonesia (Papua),,,false,
19666,Ormu,ormu1248,Ormu,orz,,-2.51361,140.6015,,,OC,,,,false,
19671,Owa,owaa1237,Owa,stn,,-10.82553,162.30467,,,OC,,,,false,
908,Paamese,paam1238,Paama,pma,,-16.47548,168.23693,,Paama,OC,Vanuatu,"[aka: Paama, Lironesa]",crowley1992,false,
19312,Padoe,pado1242,Padoe,pdo,,-2.60642,121.236,,,WMP,Indonesia (Sulawesi),,,false,
909,Paitan,tomb1244,Tombonuo,txa,,6.2892,117.322,,Tombonuo,WMP,Malaysia (Sabah),,,false,
370,Paiwan,paiw1248,Paiwan,pwn,,22.3271,120.806,,,Form.,Taiwan,,ferrell1982,false,
19213,Paiwan (Butanglu),paiw1248,Paiwan,pwn,,22.3271,120.806,,,Form.,,,,false,Paiwan
19609,Paiwan (Makazayazaya),paiw1248,Paiwan,pwn,,22.3271,120.806,,,Form.,,,,false,Paiwan
911,Paiwan (Northeastern),paiw1248,Paiwan,pwn,,22.3271,120.806,,,Form.,,,,false,Paiwan
19299,Paiwan (Southern),paiw1248,Paiwan,pwn,,22.3271,120.806,,,Form.,,,,false,Paiwan
19215,Paiwan (Tjuabu),paiw1248,Paiwan,pwn,,22.3271,120.806,,,Form.,,,,false,Paiwan
18972,Paiwan (Western),paiw1248,Paiwan,pwn,,22.3271,120.806,,,Form.,,,,false,Paiwan
371,Pak,pakt1239,Pak-Tong,pkg,,-2.05269,147.767,,Pak-Tong,OC,Papua New Guinea,,blust1975,false,
914,Paku,paku1239,Paku,pku,,-1.9063,115.087,,,WMP,Indonesia (Kalimantan),,,false,
19473,Pala,pala1343,,,,,,,,OC,,,,false,
372,Palauan,pala1344,Palauan,pau,,7.34138,134.476678,,,WMP,Palau,,mcmanusandjosephs1977,false,
247,Palawan Batak,bata1301,Batak,bya,,10.1115,119.025,,Batak,WMP,Philippines,,warren1959,false,
19486,Palawano,nucl1738,,,,,,,,WMP,,,,false,
918,Palu'e,palu1252,Palu'e,ple,,-8.32877,121.718,,Palu’e,CMP,Indonesia (Nusa Tenggara),,,false,
19283,Panatinani,nimo1246,Nimoa,nmw,,-11.2297,153.158,,Nimoa,OC,Papua New Guinea,,,false,
919,Panayati,misi1243,Misima-Paneati,mpx,,-10.6821,152.696,,,OC,,,,false,
920,Pangasinan,pang1290,Pangasinan,pag,,15.9377,120.365,,,WMP,Philippines,,benton1971,false,
19461,Pango,sout2856,Nafsan,erk,,-17.7006,168.377,,,OC,,,,false,
19707,Papapana,papa1265,Papapana,ppn,,-5.92283,155.289,,,OC,,,,false,
921,Papitalai,papi1254,Papitalai,pat,,-2.06222,147.417,,,OC,Papua New Guinea,,,false,
922,Papora,papo1239,Papora-Hoanya,ppu,,24.324,120.577,,Papora-Hoanya,Form.,Taiwan,,,false,
19528,Papuma,papu1251,Papuma,ppm,,-1.77301,135.907,,,SHWNG,,,,false,
923,Patep,pate1247,Patep,ptp,,-6.91988,146.639,,,OC,Papua New Guinea,,hooley1971;adamsandlauck1975,false,
924,Patpatar,patp1243,Patpatar,gfk,,-3.74711,152.493,,,OC,Papua New Guinea,,,false,
925,Paulohi,paul1238,Paulohi,plh,,-3.25404,128.779,,,CMP,Indonesia (Maluku),,stresemann1918,false,
375,Pazeh,kulo1237,Pazeh-Kahabu,pzh,,23.7562,120.976,,Kulon-Pazeh,Form.,Taiwan,,ferrell1968,false,
19224,Pazeh (Kahabu),kulo1237,Pazeh-Kahabu,pzh,,23.7562,120.976,,,Form.,,,,false,Pazeh
19266,Pelipowai,tulu1259,Tulu-Bohuai,rak,,-2.14155,146.934,,Tulu-Bohuai,OC,Papua New Guinea,,,false,
18658,Penan,east2485,Eastern Penan,pez,,4.5915,114.584,,"Penan, Eastern",WMP,Malaysia (Sarawak),,,false,
19338,Penan (Long Labid),long1406,Western Lowland Kenyah,ttw,,3.85226,114.82,,Long Wat,WMP,Malaysia (Sarawak),,,false,Penan
761,Penan (Long Merigam),west2563,Western Penan,pne,,3.4667,114.523,,,WMP,,,,false,Penan
19041,Penchal,penc1239,Penchal,pek,,-2.29891,147.81,,,OC,Papua New Guinea,,,false,
929,Pendau,pend1242,Pendau,ums,,-0.11396,119.862,,,WMP,Indonesia (Sulawesi),,quickandquick2005,false,
930,Penudjaq,sasa1249,Sasak,sas,,-8.58349,116.284,,,WMP,,,,false,
19346,Petapa Taje,taje1237,Taje,pee,,-0.72583,120.078,,,WMP,,,,false,
19651,Petats,peta1245,Petats,pex,,-5.34068,154.593,,,OC,,,allenandbeaso1975,false,
19502,Peterara,pete1237,,,,,,,,OC,,,blackwood1935,false,
19515,Piamatsina,piam1242,Piamatsina,ptr,,-14.9959,166.738,,,OC,,,,false,
932,Piching Land Dayak,buka1257,Bukar-Sadung Bidayuh,sdo,,0.96817,110.657,,,WMP,,[aka: Piching],,false,
19750,Pileni,pile1238,Vaeakau-Taumako,piv,,-10.173335,166.247188,,,OC,,,,false,
19656,Piva,lawu1237,Lawunuia,tgi,,-6.15201,155.129,,,OC,,,,false,
381,Pohnpeian,pohn1238,Pohnpeian,pon,,6.87212,158.223,,,OC,Micronesia,,rehgandsohl1979,false,
19733,Pokau,lala1268,Lala,nrz,,-8.93195,146.749,,,OC,,"[aka: Nara, Lala]",capell1943,false,
934,Pom,pomm1237,Pom,pmo,,-1.64224,135.619,,,SHWNG,Indonesia (Papua),,,false,
19729,Ponam,pona1250,Ponam,ncc,,-1.91705,146.887,,,OC,,,,false,
19570,Ponosakan,pono1240,Ponosakan,pns,,0.91716,124.712,,,WMP,Sulawesi,,,false,
936,Popalia,tuka1249,Tukang Besi South,bhq,,-5.7478,123.948,,,WMP,,,,false,
19355,Poro,gaoo1237,Gao,gga,,-8.35163,159.789,,,OC,,,,false,
19407,Port Sandwich,port1285,Port Sandwich,psw,,-16.4952,167.78,,,OC,,,,false,
19764,Proto-Trukic,,,,,,,,,OC,,,jackson1983,true,
19629,Proto-Western Micronesian,,,,,,,,,OC,,,,true,
19744,Pulo Annian,pulo1240,,,,,,,,OC,,,,false,
385,Puluwat,pulu1242,Puluwatese,puw,,7.35695,149.2005,,Puluwatese,OC,Micronesia,[aka: Puluwatese],elbert1972,false,
19442,Punan Busang (Bukitan),buki1248,Bukitan,bkn,,2.34947,114.895,,,WMP,,[aka: Bukitan],ellis1972,false,
938,Punan Kelai,kela1259,,,,,,,,WMP,,,,false,
19699,Punan Tuvu',puna1266,Punan Tubu,puj,,2.86972,116.26,,,WMP,,,,false,
386,Puyuma,puyu1239,Puyuma,pyu,,22.643,120.996,,,Form.,Taiwan,[aka: Puyuma (Nanwang)],cauquelin1991,false,
940,Puyuma (Chihpen),puyu1239,Puyuma,pyu,,22.643,120.996,,,Form.,,,,false,Puyuma
19212,Puyuma (Pinan),pina1251,,,,,,,,Form.,,,,false,Puyuma
941,Puyuma (Rikavong),puyu1239,Puyuma,pyu,,22.643,120.996,,,Form.,,,,false,Puyuma
18964,Puyuma (Tamalakaw),puyu1239,Puyuma,pyu,,22.643,120.996,,,Form.,,,tsuchida1980,false,Puyuma
19437,Pwele,nort2836,North Efate,llp,,-17.5774,168.375,,,OC,,,,false,
19070,Proto-Admiralty,,,,,,,,,OC,,,blust1975,true,
19071,Proto-Ambon,,,,,,,,,CMP,,,stresemann1927,true,
19436,Proto-Aru,,,,,,,,,CMP,,,Nivensnd,true,
19073,Proto-Atayalic,,,,,,,,,Form.,,,li1981,true,
19072,Proto-Austronesian,,,,,,,,,PAN,,,,true,
19187,Proto-Bungku-Tolaki,,,,,,,,,WMP,,,,true,
19384,Proto-Bunun,,,,,,,,,Form.,,,,true,
19076,Proto-Central Malayo-Polynesian,,,,,,,,,PCMP,,,,true,
19074,Proto-Central-Eastern Malayo-Polynesian,,,,,,,,,PCEMP,,,,true,
19075,Proto-Chamic,,,,,,,,,WMP,,,,true,
19585,Proto-East Formosan,,,,,,,,,Form.,,,,true,
19449,Proto-East Gorontalic,,,,,,,,,WMP,,,usup1981,true,
19078,Proto-Gorontalic,,,,,,,,,WMP,,,usup1981,true,
19296,Proto-Lampungic,,,,,,,,,WMP,,,,true,
19137,Proto-Malayo-Javanic,,,,,,,,,PMJ,,,,true,
19081,Proto-Malayo-Polynesian,,,,,,,,,PMP,,,,true,
19079,Proto-Micronesian,,,,,,,,,OC,,,benderetal2003;benderetal2003a,true,
19080,Proto-Minahasan,,,,,,,,,WMP,,,sneddon1978,true,
19204,Proto-Moken-Moklen,,,,,,,,,WMP,,,,true,
19497,Proto-North-Central Vanuatu,,,,,,,,,OC,,,,true,
19082,Proto-Oceanic,,,,,,,,,POC,,,,true,
19083,Proto-Philippines,,,,,,,,,PPh,,,,true,
19084,Proto-Polynesian,,,,,,,,,OC,,,,true,
19085,Proto-Puyuma,,,,,,,,,Form.,,,,true,
19086,Proto-Rukai,,,,,,,,,Form.,,,li1977,true,
19586,Proto-Sama-Bajaw,,,,,,,,,WMP,,,,true,
19089,Proto-Sangiric,,,,,,,,,WMP,,,sneddon1984,true,
19429,Proto-Siraya,,,,,,,,,Form.,,,adelaar2013,true,
19577,Proto-South Aru,,,,,,,,,CMP,,,,true,
19130,Proto-South Formosan,,,,,,,,,PSF,,,,true,
19642,Proto-South Hebridean,,,,,,,,,OC,,,,true,
19092,Proto-South Sulawesi,,,,,,,,,WMP,,,mills1975,true,
19748,Proto-Southern Vanuatu,,,,,,,,,OC,,,,true,
19090,Proto-South-Huon-Gulf,,,,,,,,,OC,,,,true,
19088,Proto-Sub-Ambon,,,,,,,,,CMP,,,,true,
19094,Proto-Western Malayo-Polynesian,,,,,,,,,PWMP,,,,true,
19093,Proto-Willaumez,,,,,,,,,OC,,,,true,
19206,Quop Land Dayak,biat1246,Biatah Bidayuh,bth,,1.17596,110.254,,"Bidayuh, Biatah",WMP,Malaysia (Sarawak),[aka: Quop],,false,
943,Raga,hano1246,Hano,lml,,-15.5432,168.167,,Hano,OC,Vanuatu,,,false,
19481,Rano,urip1239,Uripiv-Wala-Rano-Atchin,upv,,-16.00951,167.34643,,,OC,,,,false,
19251,Rapanui,rapa1244,Rapanui,rap,,-27.113,-109.342,,Rapa Nui,OC,Chile,,,false,
388,Rarotongan,raro1241,Southern Cook Island Maori,rar,,-21.23,-159.78,,,OC,Cook Islands,,savage1980,false,
19551,Ratagnon,rata1245,Ratagnon,btn,,12.2785,121.187,,,WMP,,,,false,
389,Rejang,reja1240,Rejang,rej,,-3.33056,102.434,,,WMP,Indonesia (Sumatra),,jaspan1984;blust1984;mcginn2005,false,
391,Rembong,remb1250,Rembong-Wangka,reb,,-8.53361,120.973,,,CMP,Indonesia (Nusa Tenggara),,verheijen1977a,false,
954,Rembong (Wue),remb1250,Rembong-Wangka,reb,,-8.53361,120.973,,,CMP,,,,false,Rembong
952,Rembong (Wangka),remb1250,Rembong-Wangka,reb,,-8.53361,120.973,,Rembong,CMP,Indonesia (Nusa Tenggara),,,false,Rembong
953,Rembong (Waru-Kia),remb1250,Rembong-Wangka,reb,,-8.53361,120.973,,,CMP,,,,false,Rembong
19485,Remontado,remo1247,Hatang Kayi,agv,,14.6254,121.453,,,WMP,,[aka: Sinauna],,false,
390,Rennellese,renn1242,Rennell-Bellona,mnv,,-11.6237,160.265,,Rennell-Belona,OC,Solomon Islands,,elbert1975,false,
19329,Rerep,rere1240,Rerep,pgk,,-16.2934,167.651,,,OC,,,,false,
956,Rhade,rade1240,Rade,rad,,12.979,108.41,,Rade,WMP,Viet Nam,[aka: Rade],tharpanduonya1980,false,
19327,Ririo,riri1237,Ririo,rri,,-6.88927,156.92,,,OC,,,,false,
957,Riung,riun1237,Riung,riu,,-8.60342,121.122,,,CMP,Indonesia (Nusa Tenggara),,,false,
958,Roglai (Northern),nort2994,Northern Roglai,rog,,12.1967,108.849,,"Roglai, Northern",WMP,Viet Nam,[aka: Roglai],,false,
19668,Roinji,ronj1237,Ronji,roe,,-5.80782,146.731,,,OC,,,,false,
392,Roma,roma1332,Roma,rmm,,-7.58643,127.428,,,CMP,Indonesia (Maluku),,jonker1932,false,
19354,Romblomanon,romb1245,Romblomanon,rol,,12.4047,122.56,,,WMP,,[aka: Bikol Romblomanon],,false,
960,Ron,roon1237,Roon,rnn,,-2.43005,134.556,,,SHWNG,,,,false,
393,Roro,waim1251,Waima,rro,,-8.67145,146.544,,Waima,OC,Papua New Guinea,,capell1943,false,
395,Rotinese,bilb1242,Bilba,bpz,,-10.6503,123.307,,Bilba,CMP,Indonesia (Nusa Tenggara),,jonker1908;fox1993a,false,
394,Rotuman,rotu1241,Rotuman,rtm,,-12.5008,177.066,,,OC,Rotuman,,churchward1940,false,
396,Roviana,rovi1238,Roviana,rug,,-8.20493,157.408,,,OC,Solomon Islands,,waterhouse1949,false,
397,Rukai,ruka1240,Rukai,dru,,22.7738,120.844,,,Form.,Taiwan,,li1977,false,
966,Rukai (Budai),ruka1240,Rukai,dru,,22.7738,120.844,,Rukai,Form.,Taiwan,,,false,Rukai
19548,Rukai (Labuan),labu1252,,,,,,,,Form.,,,,false,Rukai
18979,Rukai (Maga),ruka1240,Rukai,dru,,22.7738,120.844,,Rukai,Form.,Taiwan,,,false,Rukai
968,Rukai (Mantauran),ruka1240,Rukai,dru,,22.7738,120.844,,Rukai,Form.,Taiwan,,,false,Rukai
969,Rukai (Tanan),ruka1240,Rukai,dru,,22.7738,120.844,,Rukai,Form.,Taiwan,,,false,Rukai
970,Rukai (Tona),ruka1240,Rukai,dru,,22.7738,120.844,,Rukai,Form.,Taiwan,,,false,Rukai
971,Rungus Dusun,rung1259,Rungus,drg,,6.83989,116.743,,Rungus,WMP,Malaysia (Sabah),,,false,
19292,Sa,saaa1241,Sa,sax,,-15.9534,168.228,,,OC,Vanuatu,,,false,
18945,Sa'a,saaa1240,Sa'a,apb,,-9.60258,161.467,,Sa’a,OC,Solomon Islands,,ivens1929,false,
974,Saaroa,saar1237,Saaroa,sxr,,23.2632,120.711,,,Form.,Taiwan,,tsuchida1976,false,
18946,Sa'ban,saba1265,Sa'ban,snv,,3.58723,115.664,,,WMP,Malaysia (Sarawak),,blust1971;blust2001,false,
19444,Sa'dan Toraja,tora1261,Toraja-Sa'dan,sda,,-2.97144,119.829,,,WMP,,[aka: Sa'dan],,false,
400,Saisiyat,sais1237,Saisiyat,xsy,,24.6043,121.067,,,Form.,Taiwan,,li1978,false,
977,Saisiyat (Taai),sais1237,Saisiyat,xsy,,24.6043,121.067,,Saisiyat,Form.,Taiwan,,,false,Saisiyat
19143,Saisiyat (Tungho),sais1237,Saisiyat,xsy,,24.6043,121.067,,Saisiyat,Form.,Taiwan,,,false,Saisiyat
978,Sakao,saka1289,Wanohe,sku,,-15.0757,167.051,,,OC,Vanuatu,,,false,
19580,Sakizaya,nata1254,Northern Amis,ais,,23.9386,121.59,,,Form.,Taiwan,"[aka: Sakizaya Amis, Amis (Sakizaya)]",lin2011,false,
1002,Salako,kend1254,Kendayan-Belangin,knx,,1.47957,109.467,,Kendayan,WMP,Indonesia (Kalimantan),[aka: Selako],,false,
19331,Saliba,sali1295,Saliba,sbe,,-10.6148,150.727,,,OC,,,,false,
19295,Sama (Central),sout2918,Southern Sama,ssb,,4.755836,119.483887,,"Sama, Southern",WMP,Philippines,"[aka: Sama-Bajaw, Central Sama]",,false,
19487,Sama (Pangutaran),pang1291,Pangutaran Sama,slm,,6.27167,120.536,,,WMP,,,,false,
19482,Sama Linungan,bala1311,Balangingi,sse,,6.011614,121.686646,,,WMP,,,,false,
981,Samal,cent2092,Central Sama,sml,,7.004574,118.455978,,"Sama, Central",WMP,Philippines,,reid1971,false,
19479,Samal (Balangingi ),bala1311,Balangingi,sse,,6.011614,121.686646,,,WMP,,[aka: Balangingi Samal],reid1971,false,
19439,Samasodu,lagh1246,Laghu,lgb,,-8.00509,158.961,,,OC,,[aka: Laghu],,false,
19397,Sambal,boto1242,Botolan Sambal,sbl,,15.2315,120.164,,,WMP,,,madulid2001,false,
546,Sambal (Bolinaw),boli1256,Bolinao,smk,,16.3071,119.853,,Bolinao,WMP,Philippines,[aka: Bolinao],mcfarland1977,false,
18976,Sambal (Botolan),boto1242,Botolan Sambal,sbl,,15.2315,120.164,,"Sambal, Botolan",WMP,Philippines,,reid1971,false,Sambal
19716,Sambal (Pinatubo),boto1242,Botolan Sambal,sbl,,15.2315,120.164,,,WMP,,,madulid2001,false,Sambal
19395,Sambal (Tina),tina1248,Tinà Sambal,xsb,,15.5797,120.095,,,WMP,,,elgincolingoschnickandelgincolin1988,false,Sambal
983,Samihim,maan1238,Ma'anyan,mhy,,-2.1239,115.092,,Ma’anyan,WMP,Indonesia (Kalimantan),,,false,
401,Samoan,samo1305,Samoan,smo,,-13.92,-171.83,,,OC,Samoa,,milner1966,false,
985,Sangil,sang1337,Sangil,snl,,5.40229,125.378,,,WMP,Philippines,,reid1971,false,
402,Sangir,sang1336,Sangir,sxn,,3.0,125.5,,,WMP,Indonesia (Sulawesi),,stellerandaebersold1959,false,
987,Sangir (Siau),sang1336,Sangir,sxn,,3.0,125.5,,Sangir,WMP,Indonesia (Sulawesi),,,false,Sangir
988,Sangir (Tamako),sang1336,Sangir,sxn,,3.0,125.5,,Sangir,WMP,Indonesia (Sulawesi),,,false,Sangir
989,Santa Ana,owaa1237,Owa,stn,,-10.82553,162.30467,,Owa,OC,Solomon Islands,,,false,
990,Saparua,sapa1251,Saparua,spr,,-3.58314,128.639,,,CMP,Indonesia (Maluku),,,false,
404,Sasak,sasa1249,Sasak,sas,,-8.58349,116.284,,,WMP,Indonesia (Nusa Tenggara),,goris1938,false,
993,Sasak (Sewela),sasa1249,Sasak,sas,,-8.58349,116.284,,,WMP,,,,false,Sasak
19336,Satawal,sata1237,Satawalese,stw,,7.36084,147.038,,,OC,,,,false,
18755,Sawai,sawa1247,Sawai,szw,,0.51111,128.086,,,SHWNG,Indonesia (Maluku),[aka: Weda],whisler1992,false,
997,Sebop,sebo1238,Sebop,sib,,3.42701,114.178,,"Kenyah, Sebob",WMP,Malaysia (Sarawak),"[aka: Long Luyang, Sebop (Long Luyang)]",blust1971,false,
407,Seediq,taro1264,Seediq,trv,,23.9032,121.358,,Taroko,Form.,Taiwan,,pecoraro1977,false,
19214,Seediq (Tkdaya),teke1282,,,,,,,,Form.,,,,false,Seediq
19597,Seediq (Toŋan),taro1264,Seediq,trv,,23.9032,121.358,,,Form.,,,,false,Seediq
19222,Seediq (Truku),taro1264,Seediq,trv,,23.9032,121.358,,Taroko,Form.,Taiwan,,,false,Seediq
19050,Seimat,seim1238,Seimat,ssg,,-1.2666667,144.25,,,OC,Papua New Guinea,,blust1975,false,
668,Seit,seit1239,Seit-Kaitetu,hik,,-3.6111,128.068,,Seit-Kaitetu,CMP,Indonesia (Maluku),[aka: Kaitetu],,false,
19051,Sekar,seka1247,Sekar,skz,,-2.65849,132.469,,,CMP,Indonesia (Papua),,gracend,false,
19531,Seke,seke1241,Seke (Vanuatu),ske,,-15.8839,168.197,,,OC,,,,false,
1001,Seko,seko1243,Seko Padang,skx,,-2.14311,119.959,,Seko Padang,WMP,Indonesia (Sulawesi),,,false,
409,Selaru,sela1259,Selaru,slu,,-8.18376,130.961,,,CMP,Indonesia (Maluku),,drabbe1932a,false,
410,Selau,hali1244,Halia,hla,,-5.26603,154.662,,Halia,OC,Papua New Guinea,,blust1975b,false,
19361,Sengga,seng1280,,,,,,,,OC,,,,false,
1005,Sengseng,seng1281,Sengseng,ssz,,-6.16474,149.784,,,OC,Papua New Guinea,,,false,
1006,Sentah Land Dayak,biat1246,Biatah Bidayuh,bth,,1.17596,110.254,,"Bidayuh, Biatah",WMP,Malaysia (Sarawak),[aka: Sentah],,false,
1007,Serawai,cent2053,South Barisan Malay,pse,,-3.79673,103.137,,"Malay, Central",WMP,Indonesia (Sumatra),,,false,
1008,Seru,ukit1237,Ukit,umi,,1.56623,114.579,,,WMP,Malaysia (Sarawak),,,false,
411,Serui-Laut,seru1244,Serui-Laut,seu,,-1.87766,136.252,,,SHWNG,Indonesia (Papua),,anceaux1961,false,
19460,Sesake,sesa1243,,,,,,,,OC,,,,false,
19303,Sesayap,tidu1239,Tidung,tid,,3.937955,117.55143,,Tidong,WMP,Indonesia (Kalimantan),,,false,
19476,Sesivi,sesi1237,,,,,,,,OC,,,,false,
1010,Siang,sian1254,Siang,sya,,-0.38398,114.693,,,WMP,Indonesia (Kalimantan),,,false,
1011,Sichule,siku1242,Sikule,skh,,2.69113,95.9636,,Sikule,WMP,Indonesia (Sumatra),,,false,
19685,Sie,siee1239,Sie,erg,,-18.8181,169.166,,,OC,,,,false,
414,Sika,sika1262,Sika,ski,,-8.67302,122.38,,,CMP,Indonesia (Nusa Tenggara),,meye1964,false,
19334,Sikaiana,sika1261,Sikaiana,sky,,-8.378194,162.72952,,,OC,,,,false,
18785,Simalungun Batak,bata1288,Batak Simalungun,bts,,3.04372,98.9083,,Batak Simalungun,WMP,Indonesia (Sumatra),,,false,
415,Simalur,sime1241,Simeulue,smr,,2.50288,96.2757,,Simeulue,WMP,Indonesia (Sumatra),,kahler1961,false,
19422,Simbo,simb1256,Simbo,sbb,,-8.26947,156.541,,,OC,,,,false,
19661,Sinaugoro,sina1266,Sinaugoro,snc,,-9.79791,147.861,,,OC,,,,false,
412,Singhi Land Dayak,baub1235,Bau-Jagoi Bidayuh,sne,,1.54467,109.985,,"Bidayuh, Bau",WMP,Malaysia (Sarawak),[aka: Singhi],reijffert1956,false,
19674,Sio,sioo1240,Sio,xsi,,-5.96037,147.353,,,OC,,,,false,
416,Siraya,sira1267,Sirayaic,fos,,22.9777,120.315,,,Form.,Taiwan,,campbell1996;adelaar1999,false,
19431,Siraya (Gravius),sira1267,Sirayaic,fos,,22.9777,120.315,,,Form.,,,adelaar2013,false,Siraya
19432,Siraya (Utrecht ms.),sira1267,Sirayaic,fos,,22.9777,120.315,,,Form.,,,adelaar2013,false,Siraya
19754,Sissano,siss1243,Sissano,sso,,-3.01976,142.049,,,OC,,,,false,
19500,Siviri,nort2836,North Efate,llp,,-17.5774,168.375,,,OC,,,,false,
1017,Sobei,sobe1238,Sobei,sob,,-1.86998,138.75,,,OC,Indonesia (Papua),,,false,
419,Soboyo,tali1262,Taliabu,tlv,,-1.79516,124.869,,Taliabu,CMP,Indonesia (Maluku),,fortgens1921,false,
19641,Solorese,lama1277,Lamaholot,slp,,-8.36439,122.803,,,CMP,,,arndt1937,false,
19705,Solos,solo1257,Solos,sol,,-5.41042,154.624,,,OC,,,,false,
420,Sonsorol-Tobi,sons1242,Sonsorol,sov,,5.328596,132.221282,,Sonsorol,OC,Palau,[aka: Sonsorol],capell1969,false,
1021,Sori,sori1242,Sori-Harengan,sbh,,-1.98384,146.642,,Sori-Harengan,OC,Papua New Guinea,,,false,
19314,Efate (South),sout2856,Nafsan,erk,,-17.7006,168.377,,"Efate, South",OC,Vanuatu,"[aka: Eratap, South Efate]",Thieberger2021,false,
996,Southeast Ambrym,sout2859,Southeast Ambrym,tvk,,-16.2975,168.211,,"Ambrym, Southeast",OC,Vanuatu,,parker1970,false,
1030,Southwest Tanna,sout2869,Southwest Tanna,nwi,,-19.57953,169.35603,,"Tanna, Southwest",OC,Vanuatu,[aka: Imreang],,false,
19313,Sowa,sowa1244,Sowa,sww,,-15.82653,168.18653,,,OC,Vanuatu,,,false,
1022,Suau,suau1242,Suau,swp,,-10.6606,150.21,,,OC,Papua New Guinea,"[aka: Suau (Daui), Daui Suau]",,false,
421,Subanen/Subanun,cent2089,Central Subanen,syb,,8.12701,123.018,,"Subanen, Central",WMP,Philippines,,churchill1913;reid1971,false,
19223,Subanon,west2557,Western Subanon,suc,,7.79964,122.341,,"Subanon, Western",WMP,Philippines,,reid1971,false,
1025,Subanun (Sindangan),cent2089,Central Subanen,syb,,8.12701,123.018,,"Subanen, Central",WMP,Philippines,,reid1971,false,Subanun
1026,Sudest,sude1239,Sudest,tgo,,-11.5229,153.488,,,OC,Papua New Guinea,,,false,
19368,Sula,sula1248,Sula,szn,,-2.30765,125.9656,,,CMP,,"[aka: Fagudu, Sula (Fagudu)]",,false,
1027,Sumbawanese,sumb1241,Sumbawa,smw,,-8.71919,117.472,,Sumbawa,WMP,Indonesia (Nusa Tenggara),[aka: Sumbawa],,false,
418,Sundanese,sund1252,Sundanese,sun,,-6.89708,107.106,,Sunda,WMP,Indonesia (Java and Bali),,coolsma1930,false,
19542,Sungai Beluran,nort3262,Northern Tidung,ntd,,5.8606,117.5455,,,WMP,,,,false,
19507,Sungai Kuamut,uppe1427,Upper Kinabatangan,dmg,,5.31911,116.901,,,WMP,,,,false,
19386,Sungai Seguliud,idaa1241,Ida'an,dbj,,5.29059,118.515,,,WMP,,[aka: Seguliud],,false,
1029,Supan,idaa1241,Ida'an,dbj,,5.29059,118.515,,Ida’an,WMP,Malaysia (Sabah),,,false,
19657,Sursurunga,surs1246,Sursurunga,sgz,,-3.99078,152.768,,,OC,,,hutchissonandhutchisson1975,false,
19535,Sye,siee1239,Sie,erg,,-18.8181,169.166,,,OC,,,,false,
19434,Taba,east2440,East Makian,mky,,0.07337,127.423,,,SHWNG,,,bowden2001,false,
1031,Tabar,mand1440,Mandara,tbf,,-2.7828,151.956,,Mandara,OC,Papua New Guinea,,,false,
1032,Taboyan,lawa1257,Lawangan,lbx,,-1.80261,115.876,,Lawangan,WMP,Indonesia (Kalimantan),,hudson1967,false,
1033,Tabun,lund1271,Lundayeh,lnd,,4.25064,115.5,,  Lundayeh,WMP,Indonesia (Kalimantan),,ray1913,false,
18947,Tae',taee1237,Tae',rob,,-2.58205,120.139,,Tae’,WMP,Indonesia (Sulawesi),,vanderveen1940,false,
423,Tagalog,taga1270,Tagalog,tgl,,14.06,121.747,,,WMP,Philippines,,panganiban1966;english1986,false,
1040,Tahitian,tahi1242,Tahitian,tah,,-17.6485,-149.45,,,OC,French Polynesia,,,false,
19217,Tajio,taji1246,Tajio,tdj,,-0.31553,120.01,,,WMP,Indonesia (Sulawesi),,himmelmann2001,false,
1041,Takia,taki1248,Takia,tbc,,-4.69057,145.975,,,OC,Papua New Guinea,,blust1975,false,
19333,Takuu,taku1257,Takuu,nho,,-4.773094,157.032085,,,OC,,,,false,
19562,Talantang Dusun,tala1287,,,,,,,,WMP,,[aka: Dusun (Talantang)],,false,
19277,Talaud,tala1285,Talaud,tld,,4.11846,126.795,,,WMP,Indonesia (Sulawesi),,sneddon1984,false,
1042,Talise,tali1259,Talise,tlr,,-9.76764,160.231,,,OC,Solomon Islands,,tryonandhackman1983,false,
19713,Talur,talu1239,Talur,ilw,,-7.88553,126.336,,,CMP,,,taber1993,false,
19625,Tamambo,malo1243,Tamambo,mla,,-15.6835,167.16,,,OC,,,tryon1976,false,
1043,Tambotalo,tamb1253,Tambotalo,tls,,-15.5004,167.139,,,OC,Vanuatu,,tryon1976,false,
19392,Tambunan Dusun,tamb1254,Tambunan Dusun,kzt,,5.68284,116.373,,,WMP,,[aka: Dusun (Tambunan)],,false,
1044,Tami,tami1290,Tami,tmy,,-6.70017,147.732,,,OC,Papua New Guinea,,,false,
424,Tamuan,mala1480,Malayic Dayak,xdy,,-2.78384,111.136,,Malayic Dayak,WMP,Indonesia (Kalimantan),,hudson1967,false,
425,Tanga,tang1348,Tangga,tgg,,-4.08824,153.611,,Tangga,OC,Papua New Guinea,[aka: Tangga],bell1977,false,
426,Tangoa,tang1347,Movono,tgp,,-15.5643,166.958,,,OC,Vanuatu,,tryon1976,false,
1049,Tanjong,kano1244,Kanowit-Tanjong Melanau,kxn,,2.03781,112.383,,"Melanau, Kanowit-Tanjong",WMP,Malaysia (Sarawak),,ray1913,false,
19210,Taokas,taok1237,,bzq,,,,,Babuza,Form.,Taiwan,,,false,
19612,Tape,mara1399,Maragus,mrs,,-16.0695,167.33,,,OC,,,tryon1976,false,
1051,Tapuh,buka1257,Bukar-Sadung Bidayuh,sdo,,0.96817,110.657,,"Bidayuh, Bukar-Sadong",WMP,Malaysia (Sarawak),,,false,
1052,Tarakan,tidu1239,Tidung,tid,,3.937955,117.55143,,Tidong,WMP,Indonesia (Kalimantan),,beech1908,false,
1054,Tarpia,tarp1240,Tarpia,tpf,,-2.322279,140.115497,,,OC,Indonesia (Papua),,,false,
19571,Tasiriki,akei1237,Akei,tsr,,-15.6377,166.767,,,OC,,,tryon1976,false,
19448,Tasmate,tasm1246,Tasmate,tmt,,-15.0792,166.664,,,OC,,,tryon1976,false,
19558,Tatana,tata1257,Tatana,txx,,5.49808,115.553,,,WMP,,,,false,
19252,Tau’t Batu,taut1234,Taut Batu,,,8.88129,117.673091,,,WMP,,,,false,
18831,Tausug,taus1251,Tausug,tsg,,5.12236,118.88,,,WMP,Philippines,,hassanashleyandashley1994,false,
1056,Tawala,tawa1275,Tawala,tbo,,-10.3115,150.644,,,OC,Papua New Guinea,,capell1943;ezard1985,false,
19175,Tboli,cala1258,Calamian Tagbanwa,tbk,,12.0716,120.094,,,WMP,Philippines,[aka: Tagabili],awedunderwoodandvanwynen2004,false,
18959,Teluti,telu1263,Teluti,tlt,,-3.2969,129.663,,,CMP,Indonesia (Maluku),,wallace1962,false,
19709,Tenis,teni1244,Tenis,tns,,-1.65074,150.672,,,OC,,,,false,
1059,Teop,teop1238,Teop,tio,,-5.67474,154.971,,,OC,Papua New Guinea,,,false,
1060,Tetun,tetu1245,Tetum,tet,,-9.11217,125.528,,,CMP,Indonesia (Nusa Tenggara),[aka: Tetum],morris1984,false,
19643,Tetun (Dili),tetu1246,Tetun Dili,tdt,,-8.58405,125.583,,,CMP,,,,false,Tetun
1061,Tetun (Luka),tetu1245,Tetum,tet,,-9.11217,125.528,,,CMP,,,,false,Tetun
1062,Thao,thao1240,Thao,ssf,,23.8333,120.93,,,Form.,Taiwan,,blust2003,false,
1063,Tialo,tomi1243,Tomini,txm,,0.42569,120.89,,Tomini,WMP,Indonesia (Sulawesi),,,false,
19293,Tiang,tian1237,Tiang,tbj,,-2.95505,150.935,,,OC,Papua New Guinea,,,false,
1064,Tidung,tidu1239,Tidung,tid,,3.937955,117.55143,,Tidong,WMP,Indonesia (Kalimantan),[aka: Tidong],beech1908;lobel2016,false,
19543,Tidung Bengawong,sout3241,Southern Tidung,itd,,4.0,117.75,,,WMP,,,,false,
19468,Tidung Malinau,sout3241,Southern Tidung,itd,,4.0,117.75,,,WMP,,,lobel2013,false,
19619,Tidung Mensalong,sout3241,Southern Tidung,itd,,4.0,117.75,,,WMP,,,,false,
19605,Tidung Sumbol,sout3241,Southern Tidung,itd,,4.0,117.75,,,WMP,,,,false,
1065,Tifu,buru1303,Buru (Indonesia),mhs,,-3.43957,126.632,,,CMP,,,stresemann1927,false,
432,Tigak,tiga1245,Tigak,tgc,,-2.70951,150.893,,,OC,Papua New Guinea,,beaumont1979,false,
19335,Tikopia,tiko1237,Tikopia,tkp,,-12.2766,168.822,,,OC,,,,false,
19635,Tingalan (East),semb1240,Sembakung Murut,sbr,,4.22102,116.799,,,WMP,,,,false,Tingalan
19488,Tingalan (West),semb1240,Sembakung Murut,sbr,,4.22102,116.799,,,WMP,,"[aka: Tinggalan, Tingalan]",,false,
1068,Tinputz,tinp1237,Tinputz,tpz,,-5.58358,154.972,,,OC,Papua New Guinea,,hostetlerandcarolyn1975,false,
433,Tiruray,tiru1241,Tiruray,tiy,,6.77321,124.127,,,WMP,Philippines,,schlegel1971,false,
1070,Titan,tita1241,Titan,ttv,,-2.18168,146.888,,,OC,Papua New Guinea,,,false,
19518,Toak,toak1237,,,,,,,,OC,,,,false,
427,Toba Batak,bata1289,Batak Toba,bbc,,2.35498,99.1761,,Batak Toba,WMP,Indonesia (Sumatra),,warneck1977,false,
19553,Tobilung Dusun,tobi1239,Tobilung,tgb,,6.56097,116.67,,,WMP,,[aka: Dusun (Tobilung)],,false,
19054,Toga,loto1240,Lo-Toga,lht,,-13.334872,166.634338,,,OC,Vanuatu,,,false,
1072,Togian,indo1317,Indonesian Bajau,bdl,,-3.68664,122.253,,"Bajau, Indonesian",WMP,Indonesia (Sulawesi),,,false,
1073,Tokelauan,toke1240,Tokelau,tkl,,-9.227642,-171.780833,,,OC,Tokelau,,,false,
19416,Tolai,ralu1237,,,,,,,,OC,,[aka: Raluana],,false,
19357,Tolai (Matupit),matu1260,,,,,,,,OC,,,,false,Tolai
945,Tolai (Nodup),kuan1248,Kuanua,ksd,,-4.30986,152.114,,Kuanua,OC,Papua New Guinea,,,false,Tolai
946,Tolai (Nokon),kuan1248,Kuanua,ksd,,-4.30986,152.114,,,OC,,,,false,Tolai
19192,Tolaki,tola1247,Tolaki,lbw,,-4.03577,121.888,,,WMP,Indonesia (Sulawesi),,,false,
19508,Tolaki (Mekongga),meko1237,,,,,,,,WMP,,[aka: Mekongga],,false,
1074,Tolo,tali1259,Talise,tlr,,-9.76764,160.231,,Talise,OC,Solomon Islands,,,false,
1075,Tolomako,tolo1255,Tolomako,tlm,,-15.1569,166.772,,,OC,Vanuatu,,,false,
19188,Tombonuwo,tomb1244,Tombonuo,txa,,6.2892,117.322,,Tombonuo,WMP,Malaysia (Sabah),,,false,
1076,Tombulu,tomb1243,Tombulu,tom,,1.39715,124.754,,,WMP,Indonesia (Sulawesi),,,false,
1077,Tondano,tond1251,Tondano,tdn,,1.28024,124.964,,,WMP,Indonesia (Sulawesi),,sneddon1978,false,
1078,Tondano (Kakas),tond1251,Tondano,tdn,,1.28024,124.964,,Tondano,WMP,Indonesia (Sulawesi),,,false,Tondano
19323,Tonga,tong1322,,,,,,,,OC,Vanuatu,,tryon1976,false,
434,Tongan,tong1325,Tonga (Tonga Islands),ton,,-21.17,-175.25,,,OC,Tonga,,churchward1959,false,
1080,Tonsawang,tons1239,Tonsawang,tnw,,1.0539,124.652,,,WMP,Indonesia (Sulawesi),,,false,
1081,Tonsea,tons1240,Tonsea,txs,,1.51393,125.052,,,WMP,Indonesia (Sulawesi),,sneddon1978,false,
19052,Tontemboan,tont1239,Tontemboan,tnt,,1.24813,124.654,,,WMP,Indonesia (Sulawesi),,schwarz1908,false,
19197,Toqabaqita,toab1237,To'abaita,mlu,,-8.39233,160.619,,To’abaita,OC,Solomon Islands,,,false,
19527,Toratán,rata1244,Ratahan,rth,,1.07592,124.858,,Ratahan,WMP,Indonesia (Sulawesi),[aka: Ratahan],,false,
19624,Torau,tora1259,Torau,ttu,,-6.19922,155.496,,,OC,,,,false,
1084,Totoli,toto1304,Totoli,txe,,1.14995,120.875,,,WMP,Indonesia (Sulawesi),,,false,
1085,Tring,trin1273,Tring,tgq,,1.335,110.036,,,WMP,Malaysia (Sarawak),,,false,
19209,Trobiawan,basa1287,Basay,byq,,25.0046,121.857,,Basay,Form.,Taiwan,,,false,
19373,Tsat,tsat1238,Tsat,huq,,18.3192,109.336,,,WMP,,,thurgood1999,false,
1087,Tsou,tsou1248,Tsou,tsu,,23.216,120.787,,,Form.,Taiwan,,tsuchida1976,false,
1088,Tsou (Duhtu),tsou1248,Tsou,tsu,,23.216,120.787,,Tsou,Form.,Taiwan,,,false,Tsou
19315,Tsou (Tfuya),tsou1248,Tsou,tsu,,23.216,120.787,,Tsou,Form.,Taiwan,,,false,Tsou
1089,Tuamotuan,tuam1242,Tuamotuan,pmt,,-16.17259,-146.321755,,,OC,French Polynesia,,,false,
19055,Tubetube,bwan1241,Bwanabwana,tte,,-10.6599,151.034,,Bwanabwana,OC,Papua New Guinea,,,false,
19714,Tugun,tugu1245,Tugun,tzn,,-7.72555,126.7,,,CMP,,,taber1993,false,
19576,Tukang Besi,tuka1247,,,,,,,,WMP,,,,false,
1091,Tunjung,tunj1244,Tunjung,tjg,,-0.29048,115.883,,,WMP,Indonesia (Kalimantan),,,false,
19495,Tur,butm1237,Farafi,bnr,,-15.3353,167.034,,,OC,,,,false,
19682,Tutong,tuto1241,Tutong,ttg,,4.74327,114.638,,,WMP,,,,false,
1092,Tutuba,tutu1241,Tutuba,tmi,,-15.580667,167.268889,,,OC,Vanuatu,,,false,
19417,Tuvaluan,tuva1244,Tuvalu,tvl,,-8.520813,179.198088,,,OC,,[aka: Nanumea],,false,
1093,Ubir,ubir1237,Ubir,ubr,,-9.59044,149.396,,,OC,Papua New Guinea,,,false,
19470,Ughele,ughe1237,Ughele,uge,,-8.45725,157.341,,,OC,,,tryonandhackman1983,false,
1094,Ujir,ujir1237,Ujir,udj,,-5.69329,134.257,,,CMP,Indonesia (Maluku),,,false,
19588,Ukit,ukit1237,Ukit,umi,,1.56623,114.579,,,WMP,,,ray1913,false,
1095,Ulawa,saaa1240,Sa'a,apb,,-9.60258,161.467,,Sa’a,OC,Solomon Islands,,ivens1929,false,
19356,Ulithian,ulit1238,Ulithian,uli,,9.961388,139.603611,,,OC,,,,false,
19170,Uma,umaa1242,Uma,ppk,,-1.70416,119.968,,,WMP,Indonesia (Sulawesi),"[aka: Uma (Toraja), Toraja Uma]",esser1964,false,
1097,Uma Baloi,reja1241,Rejang Kayan,ree,,2.71903,114.169,,,WMP,,,,false,
19393,Umiray Dumaget,umir1236,Umiray Dumaget Agta,due,,14.8757,121.508,,,WMP,,,,false,
19401,Ura,urav1235,Ura (Vanuatu),uur,,-18.6747,169.084,,,OC,,,tryon1976,false,
19227,Uripiv,urip1239,Uripiv-Wala-Rano-Atchin,upv,,-16.00951,167.34643,,Uripiv-Wala-Rano-Atchin,OC,Vanuatu,,tryon1976,false,
19687,Uruava,urua1242,Uruava,urv,,-6.23314,155.573,,,OC,,,,false,
19492,Utupua/Tanimbili,tani1255,Tanimbili,tbe,,-11.2975,166.507,,Tanibili,OC,Solomon Islands,"[aka: Utupua, Tanimbili]",tryonandhackman1983,false,
19225,Vaghua,vagh1249,Vaghua,tva,,-6.68712,156.542,,,OC,Solomon Islands,[aka: Tarikukuri],tryonandhackman1983,false,
1100,Vaikenu,baik1238,Baikeno,bkx,,-9.32991,124.256,,Baikeno,CMP,East Timor,,capell1944,false,
19350,Vangunu,vang1243,Vangunu,mpr,,-8.66826,157.997,,,OC,,,tryonandhackman1983,false,
19493,Vanikoro,vano1237,Lovono,vnk,,-11.6107,166.7984,,,OC,,,,false,
19288,Vano,vano1237,Lovono,vnk,,-11.6107,166.7984,,,OC,Solomon Islands,,tryonandhackman1983,false,
19478,Vao,vaoo1237,Vao-Vovo,vao,,-15.898299,167.309973,,,OC,,,tryon1976,false,
1101,Varisi,vari1239,Varisi,vrs,,-6.83443,156.655,,,OC,Solomon Islands,,tryonandhackman1983,false,
1102,Vartavo,burm1263,Burmbar,vrt,,-16.41653,167.73124,,Burmbar,OC,Vanuatu,,tryon1976,false,
19684,Vatrata,pakk1241,,,,,,,,OC,,,,false,
19320,Vaturanga,ghar1239,Ghari,gri,,-9.4791,159.917,,Ghari,OC,Solomon Islands,,tryonandhackman1983,false,
19413,V'ënen Taut,bign1238,Big Nambas,nmb,,-16.0903,167.239,,,OC,,"[aka: Unmet, Big Nambas]",tryon1976,false,
19697,Vera'a,vera1241,Vera'a,vra,,-13.892528,167.428701,,,OC,,,,false,
19264,Vinmavis,vinm1237,Neve'ei,vnm,,-16.2253,167.427,,,OC,Vanuatu,,tryon1976,false,
19345,Visina,lewo1242,Lewo,lww,,-16.7612,168.334,,,OC,,,tryon1976,false,
1103,Vitu,mudu1242,Muduapa,wiv,,-4.69751,149.489,,Muduapa,OC,Papua New Guinea,,vandenberg2008,false,
19220,Vovo,bier1246,Bieria,brj,,-16.7867,168.232,,Bieria,OC,Vanuatu,,tryon1976,false,
19271,Vowa,bier1246,Bieria,brj,,-16.7867,168.232,,,OC,,,,false,
18898,W.Tarangan,west2538,West Tarangan,txn,,-6.62046,134.168,,"Tarangan, West",CMP,Indonesia (Maluku),,,false,
1104,W.Tarangan (Ngaibor),west2538,West Tarangan,txn,,-6.62046,134.168,,,CMP,,,,false,W.Tarangan
1106,Wagawaga,waga1268,Wagawaga,wgb,,-10.41792,150.37814,,,OC,Papua New Guinea,,,false,
1107,Wahai,sale1244,Saleman,sau,,-2.82548,129.427,,Saleman,CMP,Indonesia (Maluku),[aka: Waay],wallace1962,false,
19766,Wahau,waha1238,Eastern Lowland Kenyah,whk,,1.56635,116.655,,,WMP,,,smith2018a,false,
19445,Wailengi,east2443,East Ambae,omb,,-15.3523,167.89,,,OC,,,tryon1976,false,
19440,Waima'a,waim1252,Waima'a,wmh,,-8.53416,126.317,,,CMP,,,,false,
1109,Waiyewa,weje1237,Wewewa,wew,,-9.55099,119.349,,,CMP,,"[aka: Wewewa, Weweya]",foxnd,false,
19762,Wakasihu,waka1277,,,,,,,,CMP,,[aka: Allang],,false,
1110,Wala,wala1266,Wala,lgl,,-8.81936,160.741,,,OC,Solomon Islands,,,false,
1111,Wampar,wamp1247,Wampar,lbq,,-6.67364,146.662,,,OC,Papua New Guinea,,,false,
1112,Wandamen,wand1267,Wandamen,wad,,-2.25622,133.996,,,SHWNG,Indonesia (Papua),,anceaux1961,false,
19275,Waray-Waray,wara1300,Waray (Philippines),war,,11.4911,125.012,,,WMP,Philippines,,abuyen2000,false,
439,Waropen,waro1242,Waropen,wrp,,-2.31142,136.633,,,SHWNG,Indonesia (Papua),,held1942;anceaux1961,false,
1114,Watubela,watu1247,Watubela,wah,,-4.47294,131.641,,,CMP,Indonesia (Maluku),,,false,
1115,Watut,watu1246,,,,,,,,OC,Papua New Guinea,,holzknecht1989,false,
19639,Wawonii,wawo1239,Wawonii,wow,,-4.13587,123.1,,,WMP,,,,false,
19060,Wayan,west2519,Western Viti Levu-Yasawas Fijian,wyy,,-17.8355,177.657,,,OC,,[aka: Western Fijian],pawleyandsayaba2003,false,
441,Wedau,weda1241,Wedau,wed,,-10.1246,150.172,,,OC,Papua New Guinea,,capell1943,false,
19752,West Damar,west2548,West Damar,drn,,-7.12065,128.585,,,CMP,,[aka: Damar (West)],,false,
19675,West Guadalcanal,ghar1239,Ghari,gri,,-9.4791,159.917,,,OC,,,,false,
1118,Wetan,weta1243,,,,,,,,CMP,,,josselindejong1987,false,
1120,Windesi,wind1244,,,,,,,,SHWNG,,,,false,
19063,Wogeo,woge1237,Wogeo,woc,,-3.20238,144.089,,,OC,Papua New Guinea,,blust1975,false,
1122,Woi,woii1237,Woi,wbw,,-1.62746,135.484,,,SHWNG,Indonesia (Papua),,,false,
443,Woleaian,wole1240,Woleaian,woe,,7.37957,143.916,,,OC,Micronesia,,sohnandtawerilmang1976,false,
1124,Wolio,woli1241,Wolio,wlo,,-5.33,122.67,,,WMP,Indonesia (Sulawesi),,anceaux1987,false,
19770,Woq Helaq Modang,moda1244,Modang,mxd,,0.80793,116.573,,,WMP,,,smith2018a,false,
1125,Wusi-Mana,wusi1237,Kula (Vanuatu),wsi,,-15.2786,166.696,,,OC,,,tryon1976,false,
19316,Wusi-Valui,wusi1237,Kula (Vanuatu),wsi,,-15.2786,166.696,,,OC,,,tryon1976,false,
445,Wuvulu,wuvu1240,,,,,,,,OC,,,blust1975,false,
1128,Yabem,yabe1254,Yabem,jae,,-6.67052,147.81,,,OC,Papua New Guinea,,,false,
1129,Yakan,yaka1277,Yakan,yka,,6.531023,122.021729,,,WMP,Philippines,,behrens2002,false,
1130,Yamdena,yamd1240,Yamdena,jmd,,-7.73722,131.44,,,CMP,Indonesia (Maluku),,drabbe1932b,false,
1131,Yami,yami1254,Yami,tao,,22.055,121.544,,,WMP,Taiwan,,rauetal2012;tsuchidayamadaandmoriguchi1987,false,
1132,Yami (Imorod),yami1254,Yami,tao,,22.055,121.544,,,WMP,,,,false,Yami
18242,Yami (Iranomilek),yami1254,Yami,tao,,22.055,121.544,,,WMP,,,,false,Yami
19311,Yami (Iraralay),yami1254,Yami,tao,,22.055,121.544,,,WMP,,,,false,Yami
1134,Yapese,yape1248,Yapese,yap,,9.55811,138.125,,,OC,Micronesia,,jensen1977,false,
19274,Yogad,yoga1237,Yogad,yog,,16.7015,121.718,,,WMP,,,mcfarland1977;davisandmesa2000,false,
1135,Yotefa,toba1266,Tobati,tti,,-2.56434,140.71,,,OC,,,,false,
19007,Zabana,zaba1237,Zabana,kji,,-7.74311,158.753,,,OC,Solomon Islands,[aka: Kia],tryonandhackman1983,false,
20001,Proto-Eastern Malayo-Polynesian,,,,,,,,,PEMP,,,,true,
20002,Proto-South Halmahera-West New Guinea,,,,,,,,,PSHWNG,,,,true,
20003,Merap,,,puc,,3.085,116.454,,,WMP,Indonesia (Kalimantan),"Punan Merap, Mpraa",smith2017c,false,
